canonical_id,canonical_name,n_variants,variants,n_incidents,n_states,states,first_seen,last_seen,decided,confirmed_blocks,blocked_share
G0001,Michiganders Against Data Centers,1,Michiganders Against Data Centers,26,1,MI,2025-10-14,2026-06-17,3,2,0.667
G0002,Piedmont Environmental Council,1,Piedmont Environmental Council,22,1,VA,2024-07-15,2026-07-16,8,2,0.25
G0003,Sierra Club,1,Sierra Club,21,11,CA; GA; IL; LA; NY; OR; TN; US; VA; WA; WV,2025-02-01,2026-07-13,6,0,0.0
G0004,Earthjustice,2,EarthJustice; Earthjustice,19,8,CO; LA; MI; MS; MT; TN; TX; US,2024-10-04,2026-06-15,4,0,0.0
G0005,Virginia Data Center Reform Coalition,1,Virginia Data Center Reform Coalition,18,1,VA,2025-01-08,2026-07-02,5,0,0.0
G0006,Citizens Action Coalition,2,Citizens Action Coalition; WV Citizens Action Group,17,2,IN; WV,2024-06-01,2026-04-20,7,4,0.571
G0007,Southern Environmental Law Center,1,Southern Environmental Law Center,17,7,AL; GA; MS; NC; SC; TN; VA,2025-04-01,2026-06-15,5,2,0.4
G0008,Sierra Club Georgia Chapter,1,Sierra Club Georgia Chapter,16,1,GA,2024-09-01,2026-04-09,9,7,0.778
G0009,NAACP,1,NAACP,15,3,AL; MS; TN,2025-01-15,2026-07-13,5,0,0.0
G0010,SELC,1,SELC,12,1,TN,2024-08-26,2026-02-11,4,0,0.0
G0011,Food & Water Watch,1,Food & Water Watch,11,6,MD; NJ; NY; OH; PA; US,2025-09-01,2026-04-13,3,3,1.0
G0012,Great Lakes Neighbors United,1,Great Lakes Neighbors United,10,1,WI,2025-08-01,2026-06-12,5,0,0.0
G0013,Coalition Against Data Centers in South Ohio,1,Coalition Against Data Centers in South Ohio,10,1,OH,2025-04-01,2026-02-17,2,1,0.5
G0014,Stop Saline Data Center,1,Stop Saline Data Center,10,1,MI,2025-08-12,2026-04-22,2,0,0.0
G0015,Minnesota Center for Environmental Advocacy,2,Minnesota Center for Environmental Advocacy; Minnesota Center for Environmental Advocacy (MCEA),7,1,MN,2025-08-01,2026-03-09,2,0,0.0
G0016,Honor the Earth,1,Honor the Earth,9,3,MT; NY; OK,2025-02-01,2026-06-18,2,1,0.5
G0017,Young Gifted & Green,1,Young Gifted & Green,9,2,MS; TN,2024-08-26,2026-03-10,3,0,0.0
G0018,Rural Michigan Defense Fund,1,Rural Michigan Defense Fund,9,1,MI,2025-08-12,2026-04-22,3,0,0.0
G0019,Economic Development Responsibility Alliance of Michigan,1,Economic Development Responsibility Alliance of Michigan,8,1,MI,2025-06-01,2026-02-26,3,3,1.0
G0020,Environmental Justice,2,Environmental Justice; NC Environmental Justice Network,8,2,MT; NC,2025-11-18,2026-07-14,0,0,
G0021,Better Path Coalition,1,Better Path Coalition,8,1,PA,2026-01-01,2026-04-15,2,0,0.0
G0022,Coalition to Protect Prince William County,1,Coalition to Protect Prince William County,8,1,VA,2024-01-12,2026-07-02,3,1,0.333
G0023,MCAP,1,MCAP,8,1,TN,2024-08-26,2026-02-11,3,0,0.0
G0024,Alliance for Affordable Energy,1,Alliance for Affordable Energy,7,1,LA,2025-04-04,2026-03-25,4,0,0.0
G0025,Union of Concerned Scientists,1,Union of Concerned Scientists,7,1,LA,2025-04-04,2026-03-25,4,0,0.0
G0026,NRDC,1,NRDC,7,4,CO; DC; MI; US,2025-10-01,2026-02-12,4,0,0.0
G0027,Party for Socialism,1,Party for Socialism,6,4,GA; MD; MO; WI,2025-08-01,2026-06-09,4,2,0.5
G0028,Montana Environmental Information Center,2,Montana Environmental Information Center; Montana Environmental Information Center (MEIC),6,1,MT,2025-07-31,2026-06-18,0,0,
G0029,Economic Development Responsibility Alliance of Michigan (EDRA of MI),1,Economic Development Responsibility Alliance of Michigan (EDRA of MI),6,1,MI,2026-01-06,2026-02-18,3,3,1.0
G0030,Sierra Club Michigan,1,Sierra Club Michigan,6,1,MI,2025-10-31,2026-03-03,3,0,0.0
G0031,Sierra Club Delta Chapter,2,Sierra Club Delaware Chapter; Sierra Club Delta Chapter,6,2,DE; LA,2025-11-17,2026-03-03,1,0,0.0
G0032,Science for Georgia,1,Science for Georgia,5,1,GA,2024-09-01,2026-02-17,2,0,0.0
G0033,Columbia Riverkeeper,1,Columbia Riverkeeper,5,2,OR; WA,2025-02-05,2026-02-11,0,0,
G0034,NW Energy Coalition,1,NW Energy Coalition,5,2,MT; WA,2025-03-25,2026-06-18,0,0,
G0035,West Virginia Highlands Conservancy,1,West Virginia Highlands Conservancy,5,1,WV,2026-01-01,2026-03-27,2,0,0.0
G0036,Public Citizen Texas,2,Public Citizen (Texas); Public Citizen Texas,4,1,TX,2025-06-20,2026-03-06,1,0,0.0
G0037,Citizens for Fauquier County,1,Citizens for Fauquier County,5,1,VA,2024-07-15,2026-07-16,1,1,1.0
G0038,Protect Fauquier,1,Protect Fauquier,5,1,VA,2024-07-15,2026-07-16,1,1,1.0
G0039,FLX Strong,1,FLX Strong,5,1,NY,2025-09-24,2026-07-14,0,0,
G0040,Citizens Utility Board of Michigan,1,Citizens Utility Board of Michigan,5,1,MI,2025-10-31,2026-04-24,3,0,0.0
G0041,Clean Wisconsin,1,Clean Wisconsin,5,1,WI,2025-05-22,2026-06-12,3,1,0.333
G0042,Concerned Citizens of Montour County,1,Concerned Citizens of Montour County,5,1,PA,2026-02-04,2026-03-17,0,0,
G0043,Safe,1,Safe,5,1,MS,2025-11-24,2026-06-15,2,0,0.0
G0044,Sound Coalition,1,Sound Coalition,5,1,MS,2025-11-24,2026-06-15,2,0,0.0
G0045,MountainTrue,1,MountainTrue,4,1,NC,2023-05-02,2026-03-24,1,1,1.0
G0046,Sierra Club Virginia Chapter,1,Sierra Club Virginia Chapter,4,1,VA,2024-09-10,2026-06-22,0,0,
G0047,No Desert Data Center Coalition,2,No Desert Data Center; No Desert Data Center Coalition,3,1,AZ,2025-12-16,2026-04-13,3,0,0.0
G0048,Coalition for Responsible Data Center Development,1,Coalition for Responsible Data Center Development,4,1,MN,2025-02-05,2026-03-18,1,1,1.0
G0049,Big Sky 55+,1,Big Sky 55+,4,1,MT,2025-07-31,2026-06-18,0,0,
G0050,Golden Triangle Resource Council,1,Golden Triangle Resource Council,4,1,MT,2025-07-31,2026-06-18,0,0,
G0051,Protect Fredonia Coalition,1,Protect Fredonia Coalition,4,1,WI,2025-08-01,2025-11-19,1,0,0.0
G0052,Sustainable Finger Lakes,1,Sustainable Finger Lakes,4,1,NY,2025-09-24,2026-07-14,0,0,
G0053,No Data Center FLX,1,No Data Center FLX,4,1,NY,2025-09-24,2026-07-14,0,0,
G0054,Mason County residents,4,Madison County residents; Marion County residents; Mason County residents; Simpson County residents,4,3,AL; KY; SC,2026-01-28,2026-03-27,1,0,0.0
G0055,Center for Coalfield Justice,1,Center for Coalfield Justice,4,1,PA,2025-11-01,2026-03-31,0,0,
G0056,Butte Watchdogs for Social,1,Butte Watchdogs for Social,4,1,MT,2025-11-18,2026-06-18,0,0,
G0057,Climate Smart Missoula,1,Climate Smart Missoula,4,1,MT,2025-11-18,2026-06-18,0,0,
G0058,Protect Pickaway Alliance,1,Protect Pickaway Alliance,4,1,OH,2025-12-19,2026-03-06,3,3,1.0
G0059,Wood County Residents Against Data Centers,4,Meade County Residents Against Data Centers; Nobles County Residents Against Data Centers; Rowan County Residents Against Data Centers; Wood County Residents Against Data Centers,4,4,KY; MN; NC; OH,2025-10-14,2026-04-21,0,0,
G0060,Michigan Environmental Council,1,Michigan Environmental Council,4,1,MI,2025-10-31,2026-01-12,3,0,0.0
G0061,Alliance to Stop the Line,1,Alliance to Stop the Line,4,1,PA,2025-08-11,2026-02-24,0,0,
G0062,Michigan Economic Development Responsibility Alliance,1,Michigan Economic Development Responsibility Alliance,4,1,MI,2026-03-03,2026-04-14,2,2,1.0
G0063,Sierra Club Wisconsin,1,Sierra Club Wisconsin,4,1,WI,2024-12-02,2026-02-10,3,0,0.0
G0064,Friends of the Columbia Gorge,1,Friends of the Columbia Gorge,3,1,OR,2023-07-01,2026-01-15,1,1,1.0
G0065,Tonawanda Seneca Nation,1,Tonawanda Seneca Nation,3,1,NY,2025-02-01,2026-07-13,0,0,
G0066,Stop Data Colonialism,1,Stop Data Colonialism,3,2,NY; OK,2025-02-01,2026-01-01,1,0,0.0
G0067,Arkansas Grass Roots United,1,Arkansas Grass Roots United,3,1,AR,2025-06-01,2026-03-14,2,0,0.0
G0068,Stop the Data Center,1,Stop the Data Center,3,1,MI,2025-06-01,2026-03-03,2,2,1.0
G0069,Oregon Citizens Utility Board,3,Oregon Citizens Utility Board; Oregon Citizens Utility Board (CUB); Oregon Citizens' Utility Board (CUB),2,1,OR,2025-06-05,2025-12-15,0,0,
G0070,Missouri Coalition for the Environment,1,Missouri Coalition for the Environment,3,1,MO,2025-11-19,2026-05-19,2,1,0.5
G0071,Wake Up Jeffco,2,Wake Up JeffCo; Wake Up Jeffco,2,1,MO,2026-04-10,2026-05-19,2,2,1.0
G0072,Protect Augusta Charter Township (PACT),1,Protect Augusta Charter Township (PACT),3,1,MI,2025-08-01,2026-02-17,1,1,1.0
G0073,Protect Wake County Coalition,1,Protect Wake County Coalition,3,1,NC,2025-08-01,2026-03-10,1,1,1.0
G0074,Protect Our Aquifer,1,Protect Our Aquifer,3,1,TN,2025-08-01,2026-04-09,0,0,
G0075,Boxtown Neighborhood Association,1,Boxtown Neighborhood Association,3,1,TN,2025-04-25,2025-12-16,1,0,0.0
G0076,Liberation (PSL),1,Liberation (PSL),3,1,WI,2025-08-01,2025-12-08,2,1,0.5
G0077,No Data Centers in Ozaukee County,1,No Data Centers in Ozaukee County,3,1,WI,2025-08-01,2025-10-18,1,0,0.0
G0078,New Mexico Environmental Law Center,1,New Mexico Environmental Law Center,3,1,NM,2025-08-27,2026-03-20,1,0,0.0
G0079,Troup County Anti-Data Center Coalition,1,Troup County Anti-Data Center Coalition,3,1,GA,2025-09-01,2025-11-26,0,0,
G0080,Save Carbon County,1,Save Carbon County,3,1,PA,2025-09-01,2026-03-03,0,0,
G0081,Cayuga Lake Environmental Action Now (CLEAN),1,Cayuga Lake Environmental Action Now (CLEAN),3,1,NY,2025-09-24,2026-06-17,0,0,
G0082,No Data Centers in Jones County,3,No Data Center in Jones County GA; No Data Centers in Jones County; No Data Centers in Stokes County,2,2,GA; NC,2025-10-22,2026-01-12,2,1,0.5
G0083,Save Pennsylvania (NCDC),2,Save Pennsylvania (NCDC); Save Pennsylvania: By NCDC,2,1,PA,2025-10-01,2026-02-03,1,1,1.0
G0084,Responsible Energy Alliance,1,Responsible Energy Alliance,3,1,WI,2025-10-10,2025-11-19,0,0,
G0085,Fayetteville Freedom for All,1,Fayetteville Freedom for All,3,2,GA; NC,2025-11-01,2026-03-18,0,0,
G0086,Stop Project Baccara,2,Stop Project Baccara; Stop Project Baccara Coalition,2,1,AZ,2025-12-10,2026-05-06,1,0,0.0
G0087,Helena Interfaith Climate Advocates,1,Helena Interfaith Climate Advocates,3,1,MT,2025-11-18,2026-06-18,0,0,
G0088,Montana Public Interest Research Group,1,Montana Public Interest Research Group,3,1,MT,2025-11-18,2026-06-18,0,0,
G0089,Pinelands Alliance,1,Pinelands Alliance,3,1,NJ,2025-12-23,2026-04-08,2,1,0.5
G0090,Frederick County Data Center Referendum Committee,1,Frederick County Data Center Referendum Committee,3,1,MD,2025-12-24,2026-03-06,1,0,0.0
G0091,EDRA of MI,1,EDRA of MI,3,1,MI,2025-12-19,2026-04-22,1,0,0.0
G0092,Clean Water for North Carolina,1,Clean Water for North Carolina,3,1,NC,2026-01-12,2026-03-25,1,0,0.0
G0093,WaterWatch of Oregon,1,WaterWatch of Oregon,3,1,OR,2025-02-05,2026-01-15,0,0,
G0094,Stop the AI Data Center in Independence,1,Stop the AI Data Center in Independence,3,1,MO,2026-01-16,2026-02-26,1,0,0.0
G0095,Southern Environmental Law Center (SELC),1,Southern Environmental Law Center (SELC),3,2,GA; SC,2026-01-16,2026-03-01,1,0,0.0
G0096,Hoosier Action,1,Hoosier Action,3,1,IN,2026-01-27,2026-02-24,0,0,
G0097,Stop Hanover Data Centers,2,Stop Hanover Data Center VA; Stop Hanover Data Centers,2,1,VA,2026-01-28,2026-05-28,1,1,1.0
G0098,Delaware Sierra Club,1,Delaware Sierra Club,3,1,DE,2025-09-29,2026-03-11,0,0,
G0099,DE-CLEAR,1,DE-CLEAR,3,1,DE,2025-09-29,2026-03-11,0,0,
G0100,Protect the Paluxy Valley,3,Protect The Paluxy Valley; Protect The Paluxy Valley Inc; Protect the Paluxy Valley,2,1,TX,2026-01-13,2026-02-10,2,0,0.0
G0101,River Alliance of Wisconsin,1,River Alliance of Wisconsin,3,1,WI,2026-02-11,2026-02-18,2,0,0.0
G0102,Citizens Action Coalition of Indiana,2,Citizens Action Coalition Indiana; Citizens Action Coalition of Indiana,3,1,IN,2025-10-01,2026-03-02,2,1,0.5
G0103,Appalachian Voices,1,Appalachian Voices,3,1,VA,2025-04-01,2026-02-25,0,0,
G0104,Ohioans for Responsible Development,1,Ohioans for Responsible Development,3,1,OH,2025-12-08,2026-06-11,1,1,1.0
G0105,FracTracker Alliance,1,FracTracker Alliance,3,1,PA,2026-02-04,2026-03-17,0,0,
G0106,Mishicot-area residents and family farms (ad hoc coalition),1,Mishicot-area residents and family farms (ad hoc coalition),3,1,WI,2026-02-01,2026-02-01,0,0,
G0107,Lyon County residents (ad hoc),3,Early County residents (ad hoc); Logan County residents (ad hoc); Lyon County residents (ad hoc),3,3,GA; IL; NV,2025-12-01,2026-03-01,1,0,0.0
G0108,Save Bren Mar Coalition,1,Save Bren Mar Coalition,2,1,VA,2024-09-10,2026-03-17,1,0,0.0
G0109,Environment,2,Environment; Environmental,2,2,DE; MA,2024-11-01,2026-02-04,0,0,
G0110,Sierra Club Toiyabe Chapter,1,Sierra Club Toiyabe Chapter,2,1,NV,2025-02-05,2025-03-12,2,0,0.0
G0111,Sierra Club New Jersey Chapter,2,Sierra Club (New Jersey Chapter); Sierra Club New Jersey Chapter,2,1,NJ,2025-03-01,2025-12-23,2,0,0.0
G0112,New Market Village residents,1,New Market Village residents,2,1,VA,2025-06-01,2026-02-27,0,0,
G0113,Save Hancock County,1,Save Hancock County,2,1,IN,2025-06-01,2026-03-29,1,1,1.0
G0114,We Are Oldham County,1,We Are Oldham County,2,1,KY,2025-06-02,2025-07-02,0,0,
G0115,Climate Solutions,1,Climate Solutions,2,1,OR,2025-06-05,2025-12-15,0,0,
G0116,Protect Morgan County,2,Protect Morgan County; Protect Morgan County IN,1,1,IN,2025-07-01,2025-07-01,1,0,0.0
G0117,Stop the Data Center Construction in Perry Township,1,Stop the Data Center Construction in Perry Township,2,1,OH,2025-07-01,2025-08-01,1,1,1.0
G0118,Great Rivers Habitat Alliance,1,Great Rivers Habitat Alliance,2,2,AL; MO,2026-05-19,2026-07-13,1,1,1.0
G0119,Missouri Workers Center,1,Missouri Workers Center,2,1,MO,2026-04-21,2026-05-19,2,1,0.5
G0120,Sierra Club St. Louis,1,Sierra Club St. Louis,2,1,MO,2026-04-21,2026-05-19,2,1,0.5
G0121,No Data Center in Festus,1,No Data Center in Festus,2,1,MO,2026-04-10,2026-05-19,2,2,1.0
G0122,No Data Center Festus MO,1,No Data Center Festus MO,2,1,MO,2026-04-10,2026-05-19,2,2,1.0
G0123,Alabama Rivers Alliance,1,Alabama Rivers Alliance,2,1,AL,2026-03-03,2026-07-13,1,1,1.0
G0124,The Alaska Center,1,The Alaska Center,2,1,AK,2025-08-21,2026-01-01,1,0,0.0
G0125,Empowerment Congress of Doña Ana County,1,Empowerment Congress of Doña Ana County,2,1,NM,2025-08-27,2026-01-28,1,0,0.0
G0126,Sierra Club Rio Grande Chapter,1,Sierra Club Rio Grande Chapter,2,2,NM; US,2025-08-27,2026-04-13,1,0,0.0
G0127,Renew DeKalb,2,Renew DeKalb; Renew DeKalb Inc,2,1,GA,2025-09-01,2026-06-09,1,1,1.0
G0128,No Data Center in Landover,2,No Data Center in Landover; No Data Center in Landover coalition,1,1,MD,2025-09-01,2025-09-01,0,0,
G0129,Edgecombe Neighbors for Data Center Accountability,1,Edgecombe Neighbors for Data Center Accountability,2,1,NC,2025-09-15,2026-07-14,0,0,
G0130,Protect Franklin Township,1,Protect Franklin Township,2,1,IN,2025-09-22,2026-02-24,1,1,1.0
G0131,HALT Taylor Data Centers,2,HALT Taylor Data Centers; Halt Taylor Data Centers Coalition,2,1,TX,2025-09-26,2026-07-09,2,0,0.0
G0132,We Are Mason County Ky,1,We Are Mason County Ky,1,1,KY,2026-03-27,2026-03-27,1,0,0.0
G0133,No Data Centers Hobart Indiana,1,No Data Centers Hobart Indiana,2,1,IN,2025-10-01,2025-11-01,0,0,
G0134,Delaware Riverkeeper Network,1,Delaware Riverkeeper Network,2,1,PA,2025-10-01,2025-11-17,2,2,1.0
G0135,No Conshy Data Centers,1,No Conshy Data Centers,2,1,PA,2025-10-01,2025-11-17,2,2,1.0
G0136,Concerned Clifton Citizens,1,Concerned Clifton Citizens,2,1,PA,2025-08-22,2025-10-01,0,0,
G0137,West Shreveport neighborhood residents,1,West Shreveport neighborhood residents,2,1,LA,2025-10-01,2025-12-03,2,0,0.0
G0138,Coalition of Little Rock Neighborhoods,1,Coalition of Little Rock Neighborhoods,2,1,AR,2025-10-01,2026-03-14,1,0,0.0
G0139,Stop Project Nova,1,Stop Project Nova,2,1,WI,2025-10-09,2026-04-07,1,1,1.0
G0140,Stop Archbald Data Centers,1,Stop Archbald Data Centers,2,1,PA,2025-11-01,2026-03-27,1,1,1.0
G0141,York County Citizens for Responsible Growth,2,Iron County Citizens for Responsible Growth; York County Citizens for Responsible Growth,2,2,SC; UT,2026-06-04,2026-07-13,2,1,0.5
G0142,Fayetteville Rising Against Data Centers,2,Fayetteville Residents Against Data Centers; Fayetteville Rising Against Data Centers,2,2,GA; NC,2025-11-01,2026-01-27,0,0,
G0143,Wilmington Residents for Responsible Development (WRRD),1,Wilmington Residents for Responsible Development (WRRD),2,1,OH,2025-11-26,2026-02-20,1,0,0.0
G0144,Save High Falls Lake,1,Save High Falls Lake,2,1,GA,2025-12-01,2026-02-03,2,1,0.5
G0145,Stop the Data Center on Taylor Lane,1,Stop the Data Center on Taylor Lane,2,1,TX,2025-12-01,2025-12-03,0,0,
G0146,No Janesville Data Center,1,No Janesville Data Center,2,1,WI,2025-12-01,2026-02-09,0,0,
G0147,Citizens for Responsible Economic Development,2,Citizens for Responsible Economic Development; Citizens for Responsible Economic Development (CRED),1,1,IN,2025-12-10,2025-12-10,0,0,
G0148,Liberation,1,Liberation,2,2,GA; NC,2026-04-23,2026-06-09,1,1,1.0
G0149,Coastal Conservation League,1,Coastal Conservation League,2,1,SC,2025-12-18,2026-02-05,0,0,
G0150,Sugarloaf Alliance,1,Sugarloaf Alliance,2,1,MD,2025-12-24,2026-03-06,0,0,
G0151,Envision Frederick County,1,Envision Frederick County,2,1,MD,2025-12-24,2026-03-06,0,0,
G0152,No Data Center in DeForest,1,No Data Center in DeForest,2,1,WI,2026-01-13,2026-02-03,2,2,1.0
G0153,GASP (Greater Birmingham Alliance to Stop Pollution),2,GASP (Greater Birmingham Alliance to Stop Pollution); GASP (Greater-Birmingham Alliance to Stop Pollution),1,1,AL,2026-03-03,2026-03-03,1,1,1.0
G0154,Black Warrior Riverkeeper,1,Black Warrior Riverkeeper,2,1,AL,2026-03-03,2026-08-11,1,1,1.0
G0155,Center for Biological Diversity,1,Center for Biological Diversity,2,2,AL; US,2026-03-03,2026-04-13,1,1,1.0
G0156,Stop Washington Township Data Center,1,Stop Washington Township Data Center,2,1,MI,2026-01-14,2026-03-11,1,1,1.0
G0157,Say NO to Coweta,1,Say NO to Coweta,2,1,OK,2026-01-15,2026-01-19,1,1,1.0
G0158,Protect Sand Springs Alliance,1,Protect Sand Springs Alliance,2,1,OK,2026-01-15,2026-03-26,1,1,1.0
G0159,Oregon Wild,1,Oregon Wild,2,1,OR,2025-12-09,2026-01-15,0,0,
G0160,Native Fish Society,1,Native Fish Society,2,1,OR,2025-12-09,2026-01-15,0,0,
G0161,Georgia Interfaith Power & Light,1,Georgia Interfaith Power & Light,2,1,GA,2026-01-16,2026-03-01,1,0,0.0
G0162,Troy Residents for Responsible Growth,1,Troy Residents for Responsible Growth,2,1,IL,2026-01-20,2026-03-12,1,1,1.0
G0163,Conservation Colorado,1,Conservation Colorado,2,1,CO,2026-01-27,2026-02-12,0,0,
G0164,Franklin Citizens for Responsible Development,2,Franklin Citizens for Responsible Development; Franklin Citizens for Responsible Development Inc,2,1,KY,2026-01-28,2026-04-14,0,0,
G0165,Deep South Center for Environmental Justice,2,Deep South Center for Environmental Justice; Deep South Center for Environmental Justice (DSCEJ),1,1,LA,2026-01-28,2026-01-28,1,1,1.0
G0166,Goochland Residents Alliance,2,Goochland Residents Alliance; Goochland residents coalition,2,1,VA,2025-08-01,2026-01-28,2,1,0.5
G0167,Hanover County residents,1,Hanover County residents,2,1,VA,2026-01-28,2026-05-28,1,1,1.0
G0168,Goochland County residents,1,Goochland County residents,2,1,VA,2025-08-01,2026-01-28,2,1,0.5
G0169,Sugarloaf Citizens Association,1,Sugarloaf Citizens Association,2,1,MD,2026-02-01,2026-02-02,0,0,
G0170,Stop MPRP,1,Stop MPRP,2,1,MD,2026-02-02,2026-04-06,0,0,
G0171,Citizens for Open Governance,1,Citizens for Open Governance,1,1,GA,2026-02-04,2026-02-04,0,0,
G0172,Dakota Rural Action,1,Dakota Rural Action,2,1,SD,2026-02-18,2026-02-24,1,0,0.0
G0173,Tucker United,1,Tucker United,2,1,WV,2026-02-07,2026-03-06,0,0,
G0174,No Data Centers in the Driftless,1,No Data Centers in the Driftless,2,1,WI,2026-02-09,2026-03-12,0,0,
G0175,Western Resource Advocates,1,Western Resource Advocates,2,1,CO,2026-02-01,2026-02-12,0,0,
G0176,Keyser Valley Neighborhood Association,1,Keyser Valley Neighborhood Association,2,1,PA,2026-02-13,2026-02-27,0,0,
G0177,Ohio Consumers' Counsel,1,Ohio Consumers' Counsel,2,1,OH,2026-02-05,2026-02-17,0,0,
G0178,Lowndes Citizens Against Data Centers,2,Lowndes Citizens Against Data Centers; Lowndes Citizens Against Data Centers (LCAD),1,1,GA,2026-02-17,2026-02-17,0,0,
G0179,WWALS Watershed Coalition,1,WWALS Watershed Coalition,2,1,GA,2026-02-17,2026-03-02,1,1,1.0
G0180,WWALS Watershed Coalition (Suwannee Riverkeeper),1,WWALS Watershed Coalition (Suwannee Riverkeeper),2,1,GA,2026-02-17,2026-03-02,1,1,1.0
G0181,Climate Revolution Action Network,2,Climate Revolution Action Network; Climate Revolution Action Network NJ,2,1,NJ,2026-02-19,2026-07-13,0,0,
G0182,Shreveport residents,1,Shreveport residents,2,1,LA,2026-02-24,2026-02-25,0,0,
G0183,Caddo Lake Institute,1,Caddo Lake Institute,2,1,LA,2026-02-02,2026-02-25,1,0,0.0
G0184,South Carolina Community Rights Coalition,1,South Carolina Community Rights Coalition,2,1,SC,2026-02-26,2026-04-14,0,0,
G0185,No Data Centers in Spartanburg,2,No Data Centers in Spartanburg; No Data Centers in Spartanburg SC,1,1,SC,2026-02-27,2026-02-27,1,1,1.0
G0186,National Parks Conservation Association,1,National Parks Conservation Association,2,2,GA; VA,2026-03-01,2026-07-02,0,0,
G0187,Protect Cumberland County PA,2,Coalition to Protect Cumberland County PA; Protect Cumberland County PA,2,1,PA,2025-09-01,2026-03-01,0,0,
G0188,Northern Alaska Environmental Center,1,Northern Alaska Environmental Center,2,1,AK,2026-03-27,2026-07-07,0,0,
G0189,Alaska Public Interest Research Group,1,Alaska Public Interest Research Group,2,1,AK,2026-03-27,2026-07-07,0,0,
G0190,Oakley Community Alliance,1,Oakley Community Alliance,2,1,CA,2026-03-11,2026-04-15,1,1,1.0
G0191,Natural Resources Council of Maine,2,Natural Resources Council of Maine; Natural Resources Council of Maine (NRCM),2,1,ME,2026-04-24,2026-04-24,1,0,0.0
G0192,Franklin County Rural Coalition,1,Franklin County Rural Coalition,2,1,MO,2026-01-20,2026-03-17,0,0,
G0193,Osawatomie Residents Concerned About Data Centers,2,Osawatomie Residents Concerned About Data Centers; San Antonio Residents Concerned About Data Centers,2,2,KS; TX,2026-02-18,2026-03-05,0,0,
G0194,Block Project Steel,1,Block Project Steel,2,1,IL,2026-03-11,2026-03-24,2,0,0.0
G0195,Project Cardinal,1,Project Cardinal,2,1,IL,2026-03-11,2026-03-24,2,0,0.0
G0196,Sierra Club Michigan Chapter,1,Sierra Club Michigan Chapter,2,1,MI,2025-12-18,2026-01-01,0,0,
G0197,Good Jobs First,1,Good Jobs First,2,2,VA; WI,2017-09-01,2026-02-24,1,0,0.0
G0198,Falls Township Residents Against Data Centers,1,Falls Township Residents Against Data Centers,2,1,PA,2026-02-20,2026-07-14,1,0,0.0
G0199,Joliet Residents Against Data Centers,2,Joliet Residents Against Data Centers; Oneonta Residents Against Data Centers,2,2,IL; NY,2026-01-20,2026-03-12,2,1,0.5
G0200,American Battlefield Trust,1,American Battlefield Trust,2,1,VA,2024-01-12,2026-07-02,1,1,1.0
G0201,Wyoming Outdoor Council,1,Wyoming Outdoor Council,2,1,WY,2026-01-16,2026-02-14,0,0,
G0202,Archbald Neighborhood Association,1,Archbald Neighborhood Association,2,1,PA,2026-03-17,2026-04-14,0,0,
G0203,Protect Frenchtown,2,Protect Frenchtown; Protect Frenchtown MI,1,1,MI,2025-11-17,2025-11-17,0,0,
G0204,Adams County for Responsible Development,1,Adams County for Responsible Development,2,1,OH,2026-03-01,2026-03-09,1,1,1.0
G0205,Michigan Sierra Club,1,Michigan Sierra Club,2,1,MI,2026-03-10,2026-04-14,1,1,1.0
G0206,Midwest Environmental Advocates,1,Midwest Environmental Advocates,2,1,WI,2025-09-16,2026-06-12,1,0,0.0
G0207,Spring Creek Road Residents,1,Spring Creek Road Residents,1,1,TN,2022-04-01,2022-04-01,1,1,1.0
G0208,Groton Open Space Association,1,Groton Open Space Association,1,1,CT,2022-06-15,2022-06-15,0,0,
G0209,Groton Conservation Advocates,1,Groton Conservation Advocates,1,1,CT,2022-06-15,2022-06-15,0,0,
G0210,Secure Arkansas,1,Secure Arkansas,1,1,AR,2023-05-25,2023-05-25,1,0,0.0
G0211,Concerned Citizens of Waterford,1,Concerned Citizens of Waterford,1,1,CT,2024-01-09,2024-01-09,0,0,
G0212,East Lyme (CCWEL),1,East Lyme (CCWEL),1,1,CT,2024-01-09,2024-01-09,0,0,
G0213,Adair County Residents (ad hoc),1,Adair County Residents (ad hoc),1,1,IA,2024-04-24,2024-04-24,0,0,
G0214,City of Goodyear (official opposition),1,City of Goodyear (official opposition),1,1,AZ,2024-05-01,2024-05-01,1,1,1.0
G0215,City of Buckeye (official opposition),1,City of Buckeye (official opposition),1,1,AZ,2024-05-01,2024-05-01,1,1,1.0
G0216,Buckeye Residents Against Data Centers,1,Buckeye Residents Against Data Centers,1,1,AZ,2024-05-01,2024-05-01,1,1,1.0
G0217,Stop Duneland,1,Stop Duneland,1,1,IN,2024-06-01,2024-06-01,1,1,1.0
G0218,Valpo/Wheeler Data Centers,1,Valpo/Wheeler Data Centers,1,1,IN,2024-06-01,2024-06-01,1,1,1.0
G0219,Rose Hill Coalition,1,Rose Hill Coalition,1,1,VA,2024-09-10,2024-09-10,0,0,
G0220,Thorndale residents,1,Thorndale residents,1,1,TX,2024-10-01,2024-10-01,0,0,
G0221,Don't Dump Data in Peculiar,1,Don't Dump Data in Peculiar,1,1,MO,2024-10-01,2024-10-01,0,0,
G0222,DeLuca Preserve Conservation Advocates,1,DeLuca Preserve Conservation Advocates,1,1,FL,2024-10-01,2024-10-01,0,0,
G0223,Gilmer County Citizens Against Crypto Mining,1,Gilmer County Citizens Against Crypto Mining,1,1,GA,2024-11-01,2024-11-01,0,0,
G0224,National Coalition Against Cryptomining,1,National Coalition Against Cryptomining,1,1,GA,2024-11-01,2024-11-01,0,0,
G0225,Gilmer County Citizens Against AI Data Centers,1,Gilmer County Citizens Against AI Data Centers,1,1,GA,2024-11-01,2024-11-01,0,0,
G0226,Conservation Law Foundation,1,Conservation Law Foundation,1,1,MA,2024-11-01,2024-11-01,0,0,
G0227,Alternatives for Community,1,Alternatives for Community,1,1,MA,2024-11-01,2024-11-01,0,0,
G0228,Arizona Center for Law in the Public Interest,1,Arizona Center for Law in the Public Interest,1,1,AZ,2025-12-16,2025-12-16,1,0,0.0
G0229,Coalition for Sonoran Desert Protection,1,Coalition for Sonoran Desert Protection,1,1,AZ,2025-12-16,2025-12-16,1,0,0.0
G0230,Oliver County residents,1,Oliver County residents,1,1,ND,2024-12-12,2024-12-12,1,0,0.0
G0231,Weston Gardens,1,Weston Gardens,1,1,TX,2025-01-01,2025-01-01,0,0,
G0232,Fort Worth residents,1,Fort Worth residents,1,1,TX,2025-01-01,2025-01-01,0,0,
G0233,2871 Community Coalition,1,2871 Community Coalition,1,1,TX,2025-01-01,2025-01-01,0,0,
G0234,Chapel Creek Neighborhood Association,1,Chapel Creek Neighborhood Association,1,1,TX,2025-01-01,2025-01-01,0,0,
G0235,MediaJustice,1,MediaJustice,1,1,TX,2026-01-09,2026-01-09,1,0,0.0
G0236,Sierra Club Toiyabe,1,Sierra Club Toiyabe,1,1,NV,2025-01-22,2025-01-22,1,0,0.0
G0237,Friends of the Mississippi River,1,Friends of the Mississippi River,1,1,MN,2026-02-20,2026-02-20,1,0,0.0
G0238,CURE,1,CURE,1,1,MN,2026-02-20,2026-02-20,1,0,0.0
G0239,Workers Strike Back,1,Workers Strike Back,1,1,MN,2026-02-20,2026-02-20,1,0,0.0
G0240,Coalition for Responsible Data Center Planning,1,Coalition for Responsible Data Center Planning,1,1,MN,2026-02-20,2026-02-20,1,0,0.0
G0241,Alliance for Sustainability,1,Alliance for Sustainability,1,1,MN,2026-02-20,2026-02-20,1,0,0.0
G0242,Sierra Club Northstar Chapter,1,Sierra Club Northstar Chapter,1,1,MN,2026-02-20,2026-02-20,1,0,0.0
G0243,CURE (Clean Up the River Environment),1,CURE (Clean Up the River Environment),1,1,MN,2026-02-20,2026-02-20,1,0,0.0
G0244,Sierra Club Niagara Group,1,Sierra Club Niagara Group,1,1,NY,2025-02-01,2025-02-01,0,0,
G0245,Western New York Environmental Alliance (ReThink STAMP),1,Western New York Environmental Alliance (ReThink STAMP),1,1,NY,2025-02-01,2025-02-01,0,0,
G0246,Loudoun Climate Project,1,Loudoun Climate Project,1,1,VA,2025-03-01,2025-03-01,0,0,
G0247,Kootenai County residents,1,Kootenai County residents,1,1,ID,2025-03-02,2025-03-02,0,0,
G0248,Faulkner County League of Women Voters,1,Faulkner County League of Women Voters,1,1,AR,2025-04-01,2025-04-01,1,0,0.0
G0249,WV Citizen Action Group,1,WV Citizen Action Group,1,1,WV,2026-01-01,2026-01-01,0,0,
G0250,People's Action,1,People's Action,1,1,WV,2026-01-01,2026-01-01,0,0,
G0251,Chesapeake Climate Action Network,1,Chesapeake Climate Action Network,1,1,WV,2026-01-01,2026-01-01,0,0,
G0252,Data Center Reform Coalition,1,Data Center Reform Coalition,1,1,WV,2026-01-01,2026-01-01,0,0,
G0253,Cold Springs Residents Against Rezoning,1,Cold Springs Residents Against Rezoning,1,1,NV,2025-05-21,2025-05-21,1,0,0.0
G0254,CURE MN,1,CURE MN,1,1,MN,2025-05-23,2025-05-23,0,0,
G0255,Varina community residents,1,Varina community residents,1,1,VA,2025-06-01,2025-06-01,0,0,
G0256,Eagle Mountain residents,1,Eagle Mountain residents,1,1,UT,2025-06-01,2025-06-01,1,0,0.0
G0257,Cherokee County residents,1,Cherokee County residents,1,1,SC,2025-06-01,2025-06-01,1,0,0.0
G0258,Oakland University Student Congress,1,Oakland University Student Congress,1,1,MI,2025-06-01,2025-06-01,0,0,
G0259,Teays Valley Against Overgrowth,1,Teays Valley Against Overgrowth,1,1,OH,2026-03-01,2026-03-01,0,0,
G0260,Millard County Residents Against Solar Farm,1,Millard County Residents Against Solar Farm,1,1,UT,2026-04-22,2026-04-22,1,0,0.0
G0261,Johnson City residents,1,Johnson City residents,1,1,TN,2025-06-05,2025-06-05,1,1,1.0
G0262,Washington County Democratic Party,1,Washington County Democratic Party,1,1,TN,2025-06-05,2025-06-05,1,1,1.0
G0263,Residents Against the Etheridge Lakes Data Center,1,Residents Against the Etheridge Lakes Data Center,1,1,VA,2025-06-17,2025-06-17,0,0,
G0264,Citizens for Fauquier County (CFFC),1,Citizens for Fauquier County (CFFC),1,1,VA,2025-07-08,2025-07-08,0,0,
G0265,Stop Gilroy Data Center,1,Stop Gilroy Data Center,1,1,CA,2026-06-15,2026-06-15,1,0,0.0
G0266,Mesa residents,1,Mesa residents,1,1,AZ,2025-07-08,2025-07-08,0,0,
G0267,Arizona Chapter of 7x24 Exchange (industry opposition to restrictions),1,Arizona Chapter of 7x24 Exchange (industry opposition to restrictions),1,1,AZ,2025-07-08,2025-07-08,0,0,
G0268,MontPIRG,1,MontPIRG,1,1,MT,2025-07-31,2025-07-31,0,0,
G0269,Good Government Committee,1,Good Government Committee,1,1,MO,2026-05-19,2026-05-19,1,1,1.0
G0270,St. Charles Residents Against Project Cumulus,1,St. Charles Residents Against Project Cumulus,1,1,MO,2026-05-19,2026-05-19,1,1,1.0
G0271,NAACP (Alabama State Conference),1,NAACP (Alabama State Conference),1,1,AL,2026-07-13,2026-07-13,0,0,
G0272,NAACP (Metro Birmingham Branch),1,NAACP (Metro Birmingham Branch),1,1,AL,2026-07-13,2026-07-13,0,0,
G0273,NAACP Center for Environmental,1,NAACP Center for Environmental,1,1,AL,2026-07-13,2026-07-13,0,0,
G0274,Climate Justice,1,Climate Justice,1,1,AL,2026-07-13,2026-07-13,0,0,
G0275,Charles Citizens First,1,Charles Citizens First,1,1,VA,2025-08-01,2025-08-01,1,1,1.0
G0276,Ellendale No Eminent Domain group,1,Ellendale No Eminent Domain group,1,1,ND,2025-08-01,2025-08-01,1,0,0.0
G0277,Southwest Memphis community members,1,Southwest Memphis community members,1,1,TN,2025-08-01,2025-08-01,0,0,
G0278,Memphis Community Against Pollution (MCAP),1,Memphis Community Against Pollution (MCAP),1,1,TN,2025-08-01,2025-08-01,0,0,
G0279,Memphis Has The Power,1,Memphis Has The Power,1,1,TN,2025-08-01,2025-08-01,0,0,
G0280,Castroville residents,1,Castroville residents,1,1,TX,2025-08-01,2025-08-01,1,0,0.0
G0281,Environment Texas,1,Environment Texas,1,1,TX,2025-08-01,2025-08-01,1,0,0.0
G0282,No to Mooresville Technology Park,1,No to Mooresville Technology Park,1,1,NC,2025-08-13,2025-08-13,0,0,
G0283,No DCs in Ozaukee County WI,1,No DCs in Ozaukee County WI,1,1,WI,2025-08-01,2025-08-01,1,0,0.0
G0284,Yerington residents,1,Yerington residents,1,1,NV,2025-12-04,2025-12-04,1,0,0.0
G0285,Mason Valley residents,1,Mason Valley residents,1,1,NV,2025-12-04,2025-12-04,1,0,0.0
G0286,Boone County Preservation Group,1,Boone County Preservation Group,1,1,IN,2025-08-01,2025-08-01,1,0,0.0
G0287,Clean Air Coalition of Western New York,1,Clean Air Coalition of Western New York,1,1,NY,2026-06-16,2026-06-16,1,1,1.0
G0288,"North Tonawanda residents (Deborah Gondek, organizer)",1,"North Tonawanda residents (Deborah Gondek, organizer)",1,1,NY,2026-06-16,2026-06-16,1,1,1.0
G0289,Wilsonville residents,1,Wilsonville residents,1,1,AL,2025-08-24,2025-08-24,0,0,
G0290,Wilsonville residents (No Wilsonville Data Center),1,Wilsonville residents (No Wilsonville Data Center),1,1,AL,2025-08-24,2025-08-24,0,0,
G0291,Harwood residents,1,Harwood residents,1,1,ND,2025-08-25,2025-08-25,0,0,
G0292,"Troup County Anti-Data Center Coalition (Gage Bailey, founder)",1,"Troup County Anti-Data Center Coalition (Gage Bailey, founder)",1,1,GA,2025-09-01,2025-09-01,0,0,
G0293,Taylor Frazier McCollum (petition organizer),1,Taylor Frazier McCollum (petition organizer),1,1,MD,2025-09-01,2025-09-01,0,0,
G0294,Liberation DC,1,Liberation DC,1,1,MD,2025-09-01,2025-09-01,0,0,
G0295,South County Environmental Justice Coalition,1,South County Environmental Justice Coalition,1,1,MD,2025-09-01,2025-09-01,0,0,
G0296,Brandywine TB Southern Region Neighborhood Coalition,1,Brandywine TB Southern Region Neighborhood Coalition,1,1,MD,2025-09-01,2025-09-01,0,0,
G0297,17 for Peace,1,17 for Peace,1,1,MD,2025-09-01,2025-09-01,0,0,
G0298,Justice,1,Justice,1,1,MD,2025-09-01,2025-09-01,0,0,
G0299,"Statesville area residents (Facebook group, 900+ members)",1,"Statesville area residents (Facebook group, 900+ members)",1,1,NC,2025-09-08,2025-09-08,1,0,0.0
G0300,Statesville residents,1,Statesville residents,1,1,NC,2025-09-08,2025-09-08,1,0,0.0
G0301,Eco-Socialist Green Party of Eastern Missouri,1,Eco-Socialist Green Party of Eastern Missouri,1,1,MO,2026-04-21,2026-04-21,1,0,0.0
G0302,Action St. Louis,1,Action St. Louis,1,1,MO,2026-04-21,2026-04-21,1,0,0.0
G0303,Missouri Jobs with Justice,1,Missouri Jobs with Justice,1,1,MO,2026-04-21,2026-04-21,1,0,0.0
G0304,WEPOWER,1,WEPOWER,1,1,MO,2026-04-21,2026-04-21,1,0,0.0
G0305,Democratic Socialists of America St. Louis,1,Democratic Socialists of America St. Louis,1,1,MO,2026-04-21,2026-04-21,1,0,0.0
G0306,Liberation St. Louis,1,Liberation St. Louis,1,1,MO,2026-04-21,2026-04-21,1,0,0.0
G0307,Metropolitan Congregations United,1,Metropolitan Congregations United,1,1,MO,2026-04-21,2026-04-21,1,0,0.0
G0308,Greenfire Coalition,1,Greenfire Coalition,1,1,PA,2025-09-01,2025-09-01,0,0,
G0309,Save Rural Spalding,1,Save Rural Spalding,1,1,GA,2026-01-13,2026-01-13,1,1,1.0
G0310,Rankin County Residents Against Data Center (ad hoc),1,Rankin County Residents Against Data Center (ad hoc),1,1,MS,2025-09-01,2025-09-01,1,0,0.0
G0311,West Virginia Citizen Action Group,1,West Virginia Citizen Action Group,1,1,WV,2025-09-02,2025-09-02,1,0,0.0
G0312,Jerome Township Residents Coalition,1,Jerome Township Residents Coalition,1,1,OH,2025-09-03,2025-09-03,1,0,0.0
G0313,Trinity Hills neighborhood residents,1,Trinity Hills neighborhood residents,1,1,TN,2025-09-09,2025-09-09,1,0,0.0
G0314,Louisville Metro Watchdog Alliance,1,Louisville Metro Watchdog Alliance,1,1,KY,2025-09-11,2025-09-11,1,0,0.0
G0315,Rubbertown Emergency Action (REACT),1,Rubbertown Emergency Action (REACT),1,1,KY,2025-09-11,2025-09-11,1,0,0.0
G0316,Louisville Climate Action Network,1,Louisville Climate Action Network,1,1,KY,2025-09-11,2025-09-11,1,0,0.0
G0317,"Blakely No Data Center Campaign (Bob Cicci & Katie Klein-Cicci, organizers)",1,"Blakely No Data Center Campaign (Bob Cicci & Katie Klein-Cicci, organizers)",1,1,PA,2025-09-12,2025-09-12,0,0,
G0318,College Station Residents Against Data Center,1,College Station Residents Against Data Center,1,1,TX,2025-09-12,2025-09-12,0,0,
G0319,One Circle Community Coalition,1,One Circle Community Coalition,1,1,GA,2025-09-18,2025-09-18,0,0,
G0320,Greater Troy Neighborhood Association,1,Greater Troy Neighborhood Association,1,1,IN,2025-09-22,2025-09-22,1,1,1.0
G0321,Black Voters Matter Fund,1,Black Voters Matter Fund,1,1,GA,2025-09-22,2025-09-22,1,0,0.0
G0322,Stop the Menomonie Data Center,1,Stop the Menomonie Data Center,1,1,WI,2025-09-24,2025-09-24,0,0,
G0323,Griffin family plaintiffs,1,Griffin family plaintiffs,1,1,TX,2025-09-26,2025-09-26,1,0,0.0
G0324,Taylor community residents (led by Carrie D'Anna),1,Taylor community residents (led by Carrie D'Anna),1,1,TX,2025-09-26,2025-09-26,1,0,0.0
G0325,Halt the BPP Project in Taylor,1,Halt the BPP Project in Taylor,1,1,TX,2025-09-26,2025-09-26,1,0,0.0
G0326,White County IN Against Data Centers,1,White County IN Against Data Centers,1,1,IN,2025-10-01,2025-10-01,0,0,
G0327,350 Wisconsin,1,350 Wisconsin,1,1,WI,2025-12-08,2025-12-08,1,1,1.0
G0328,50501 Madison,1,50501 Madison,1,1,WI,2025-12-08,2025-12-08,1,1,1.0
G0329,"Concerned Citizens of Twiggs County (Rob Fricks, attorney)",1,"Concerned Citizens of Twiggs County (Rob Fricks, attorney)",1,1,GA,2025-10-01,2025-10-01,1,0,0.0
G0330,Protect Twiggs County -- No Data Center,1,Protect Twiggs County -- No Data Center,1,1,GA,2025-10-01,2025-10-01,1,0,0.0
G0331,Protect Twiggs County GA,1,Protect Twiggs County GA,1,1,GA,2025-10-01,2025-10-01,1,0,0.0
G0332,Page Residents for Voter Rights,1,Page Residents for Voter Rights,1,1,AZ,2025-10-01,2025-10-01,0,0,
G0333,Bi-State Datacenter Crisis Coalition,1,Bi-State Datacenter Crisis Coalition,1,1,NY,2025-10-01,2025-10-01,0,0,
G0334,Woodsdale,1,Woodsdale,1,1,OH,2026-03-30,2026-03-30,1,0,0.0
G0335,Trenton Environmental Resistance (W.A.T.E.R.),1,Trenton Environmental Resistance (W.A.T.E.R.),1,1,OH,2026-03-30,2026-03-30,1,0,0.0
G0336,Save Mason County,1,Save Mason County,1,1,KY,2026-03-27,2026-03-27,1,0,0.0
G0337,Platte County residents,1,Platte County residents,1,1,MO,2025-10-01,2025-10-01,1,0,0.0
G0338,No Data Center In LMBT,1,No Data Center In LMBT,1,1,PA,2025-10-01,2025-10-01,0,0,
G0339,Joplin Citizens Against Wildwood Ranch Data Center Site,1,Joplin Citizens Against Wildwood Ranch Data Center Site,1,1,MO,2025-10-01,2025-10-01,1,0,0.0
G0340,"Save the IX Center Campaign (Cassia Core, organizer)",1,"Save the IX Center Campaign (Cassia Core, organizer)",1,1,OH,2025-10-01,2025-10-01,0,0,
G0341,East Vincent Advocacy (EVT Advocacy),1,East Vincent Advocacy (EVT Advocacy),1,1,PA,2025-10-01,2025-10-01,0,0,
G0342,Prevent East Vincent Data Center Development,1,Prevent East Vincent Data Center Development,1,1,PA,2025-10-01,2025-10-01,0,0,
G0343,East Vincent Advocacy,1,East Vincent Advocacy,1,1,PA,2025-10-01,2025-10-01,0,0,
G0344,Prevent East Vincent DC Development,1,Prevent East Vincent DC Development,1,1,PA,2025-10-01,2025-10-01,0,0,
G0345,Stop Temple Data Centers,1,Stop Temple Data Centers,1,1,TX,2026-04-21,2026-04-21,0,0,
G0346,Gordon County Board of Commissioners (preemptive),1,Gordon County Board of Commissioners (preemptive),1,1,GA,2026-02-04,2026-02-04,1,1,1.0
G0347,Indigenous Environmental Network,1,Indigenous Environmental Network,1,1,OK,2025-10-01,2025-10-01,0,0,
G0348,Dundee's Not for Sale,1,Dundee's Not for Sale,1,1,MI,2025-10-02,2025-10-02,0,0,
G0349,Citizens Against a Dundee Data Center,1,Citizens Against a Dundee Data Center,1,1,MI,2025-10-02,2025-10-02,0,0,
G0350,Meade County residents (petition organizers),1,Meade County residents (petition organizers),1,1,KY,2025-10-14,2025-10-14,0,0,
G0351,Stop the Pine Island Data Center,1,Stop the Pine Island Data Center,1,1,MN,2025-10-16,2025-10-16,0,0,
G0352,Stop the Hermantown Data Center,1,Stop the Hermantown Data Center,1,1,MN,2025-10-20,2025-10-20,1,0,0.0
G0353,Protect Stafford,1,Protect Stafford,1,1,VA,2025-10-22,2025-10-22,0,0,
G0354,Coalition to Save Culpeper,1,Coalition to Save Culpeper,1,1,VA,2025-10-28,2025-10-28,1,0,0.0
G0355,Save Brandy Station,1,Save Brandy Station,1,1,VA,2025-10-28,2025-10-28,1,0,0.0
G0356,We the People of Wyco,1,We the People of Wyco,1,1,KS,2025-10-29,2025-10-29,0,0,
G0357,Kansas Sierra Club,1,Kansas Sierra Club,1,1,KS,2025-10-29,2025-10-29,0,0,
G0358,Campbell County residents,1,Campbell County residents,1,1,VA,2025-11-01,2025-11-01,0,0,
G0359,Lufkin area residents,1,Lufkin area residents,1,1,TX,2025-11-01,2025-11-01,0,0,
G0360,Rockford residents (Change.org petition organizers),1,Rockford residents (Change.org petition organizers),1,1,IL,2025-11-01,2025-11-01,0,0,
G0361,No Data Centers Northern IL,1,No Data Centers Northern IL,1,1,IL,2025-11-01,2025-11-01,0,0,
G0362,Sustain Rockford,1,Sustain Rockford,1,1,IL,2025-11-01,2025-11-01,0,0,
G0363,Natural Land Institute,1,Natural Land Institute,1,1,IL,2025-11-01,2025-11-01,0,0,
G0364,Foristell Residents Against Data Centers,1,Foristell Residents Against Data Centers,1,1,MO,2026-03-16,2026-03-16,0,0,
G0365,No Data Center Kokomo-Howard County,1,No Data Center Kokomo-Howard County,1,1,IN,2025-11-01,2025-11-01,0,0,
G0366,Cumberland County Residents Against Data Centers,1,Cumberland County Residents Against Data Centers,1,1,NC,2025-11-01,2025-11-01,0,0,
G0367,Citizens Against Over Development in Lyon County,1,Citizens Against Over Development in Lyon County,1,1,NV,2025-11-01,2025-11-01,1,0,0.0
G0368,Project Baccara Opposition,1,Project Baccara Opposition,1,1,AZ,2026-05-06,2026-05-06,1,0,0.0
G0369,Norton residents,1,Norton residents,1,1,OH,2025-11-03,2025-11-03,1,1,1.0
G0370,Protect Wiscasset,1,Protect Wiscasset,1,1,ME,2025-11-04,2025-11-04,0,0,
G0371,Castle Rock Township,1,Castle Rock Township,1,1,MN,2025-11-07,2025-11-07,0,0,
G0372,Environmental Coalition of Farmington MN,1,Environmental Coalition of Farmington MN,1,1,MN,2025-11-07,2025-11-07,0,0,
G0373,Sierra Club Iowa Chapter,1,Sierra Club Iowa Chapter,1,1,IA,2025-11-08,2025-11-08,0,0,
G0374,Norton,1,Norton,1,1,OH,2025-11-10,2025-11-10,0,0,
G0375,Barberton residents,1,Barberton residents,1,1,OH,2025-11-10,2025-11-10,0,0,
G0376,Upper Missouri Waterkeeper,1,Upper Missouri Waterkeeper,1,1,MT,2025-11-17,2025-11-17,1,1,1.0
G0377,Stop the Data Centers Livingston County,1,Stop the Data Centers Livingston County,1,1,MI,2025-11-20,2025-11-20,0,0,
G0378,Livingston County Residents for Responsible Development,1,Livingston County Residents for Responsible Development,1,1,MI,2025-11-20,2025-11-20,0,0,
G0379,Vicksburg Residents Against Data Center (ad hoc),1,Vicksburg Residents Against Data Center (ad hoc),1,1,MS,2025-11-20,2025-11-20,0,0,
G0380,Clarksville area residents,1,Clarksville area residents,1,1,AR,2025-11-25,2025-11-25,1,0,0.0
G0381,Tisch Mills Farm Center,1,Tisch Mills Farm Center,1,1,WI,2025-12-01,2025-12-01,1,1,1.0
G0382,Ross area community residents,1,Ross area community residents,1,1,TX,2025-12-01,2025-12-01,0,0,
G0383,Stop the Data Center on Taylor Lane (Facebook group),1,Stop the Data Center on Taylor Lane (Facebook group),1,1,TX,2025-12-01,2025-12-01,0,0,
G0384,McLennan County residents,1,McLennan County residents,1,1,TX,2025-12-01,2025-12-01,0,0,
G0385,Stop Waco Data Centers,1,Stop Waco Data Centers,1,1,TX,2025-12-01,2025-12-01,0,0,
G0386,Stop the Waco Data Center,1,Stop the Waco Data Center,1,1,TX,2025-12-01,2025-12-01,0,0,
G0387,Panhandle Taxpayers for Transparency,1,Panhandle Taxpayers for Transparency,1,1,TX,2026-02-25,2026-02-25,1,0,0.0
G0388,Sierra Club Texas Chapter,1,Sierra Club Texas Chapter,1,1,TX,2026-02-25,2026-02-25,1,0,0.0
G0389,Amarillo Minority Coalition,1,Amarillo Minority Coalition,1,1,TX,2026-02-25,2026-02-25,1,0,0.0
G0390,Decatur Township Civic Council,1,Decatur Township Civic Council,1,1,IN,2026-04-20,2026-04-20,0,0,
G0391,Decatur Township Civic League,1,Decatur Township Civic League,1,1,IN,2026-04-20,2026-04-20,0,0,
G0392,Protect Decatur Township,1,Protect Decatur Township,1,1,IN,2026-04-20,2026-04-20,0,0,
G0393,Kenoshans Unite Against Microsoft Data Center,1,Kenoshans Unite Against Microsoft Data Center,1,1,WI,2025-12-01,2025-12-01,1,0,0.0
G0394,SNOW (Stop Negligent Operations in Wisconsin),1,SNOW (Stop Negligent Operations in Wisconsin),1,1,WI,2025-12-01,2025-12-01,0,0,
G0395,Beaver Dam Education on Data Center Group,1,Beaver Dam Education on Data Center Group,1,1,WI,2025-12-01,2025-12-01,0,0,
G0396,Let Sioux Falls Vote,1,Let Sioux Falls Vote,1,1,SD,2025-12-01,2025-12-01,1,0,0.0
G0397,South Dakota for DC Transparency,1,South Dakota for DC Transparency,1,1,SD,2025-12-01,2025-12-01,1,0,0.0
G0398,Stop AI Data Centers in Lawrence County,1,Stop AI Data Centers in Lawrence County,1,1,OH,2025-12-01,2025-12-01,0,0,
G0399,Newport News Residents Against Data Centers,1,Newport News Residents Against Data Centers,1,1,VA,2025-12-01,2025-12-01,0,0,
G0400,Moorestown residents,1,Moorestown residents,1,1,NJ,2025-10-31,2025-10-31,0,0,
G0401,Friends of Tensaw River,1,Friends of Tensaw River,1,1,AL,2025-12-02,2025-12-02,0,0,
G0402,Stop Solar in Stockton,1,Stop Solar in Stockton,1,1,AL,2025-12-02,2025-12-02,0,0,
G0403,Starke County - No Data Center IN,1,Starke County - No Data Center IN,1,1,IN,2025-12-04,2025-12-04,1,1,1.0
G0404,NIMBY Imperial,1,NIMBY Imperial,1,1,CA,2025-12-04,2025-12-04,1,0,0.0
G0405,Valle Imperial Resiste,1,Valle Imperial Resiste,1,1,CA,2025-12-04,2025-12-04,1,0,0.0
G0406,Stop Project Vector (ad hoc),1,Stop Project Vector (ad hoc),1,1,IL,2025-12-08,2025-12-08,1,0,0.0
G0407,Stop Project Tango,1,Stop Project Tango,1,1,FL,2026-07-15,2026-07-15,0,0,
G0408,NO To Project Tango,1,NO To Project Tango,1,1,FL,2026-07-15,2026-07-15,0,0,
G0409,Palm Beach County Environmental Alliance,1,Palm Beach County Environmental Alliance,1,1,FL,2026-07-15,2026-07-15,0,0,
G0410,Sierra Club Loxahatchee Group,1,Sierra Club Loxahatchee Group,1,1,FL,2026-07-15,2026-07-15,0,0,
G0411,Florida Native Plant Society PBC Chapter,1,Florida Native Plant Society PBC Chapter,1,1,FL,2026-07-15,2026-07-15,0,0,
G0412,Stop the Palm Beach DC Project Tango,1,Stop the Palm Beach DC Project Tango,1,1,FL,2026-07-15,2026-07-15,0,0,
G0413,White Tank Mountains Conservancy,1,White Tank Mountains Conservancy,1,1,AZ,2025-12-10,2025-12-10,1,0,0.0
G0414,Chandler Neighbors Against Data Centers,1,Chandler Neighbors Against Data Centers,1,1,AZ,2025-12-12,2025-12-12,0,0,
G0415,Citizens for Rural Coweta,1,Citizens for Rural Coweta,1,1,GA,2026-06-16,2026-06-16,0,0,
G0416,Stop Project Sail,1,Stop Project Sail,1,1,GA,2026-06-16,2026-06-16,0,0,
G0417,STOP Project Sail Newnan Data Center,1,STOP Project Sail Newnan Data Center,1,1,GA,2026-06-16,2026-06-16,0,0,
G0418,Lewiston residents,1,Lewiston residents,1,1,ME,2025-12-16,2025-12-16,0,0,
G0419,Mainers Against Future AI Data Center in Lewiston,1,Mainers Against Future AI Data Center in Lewiston,1,1,ME,2025-12-16,2025-12-16,0,0,
G0420,Slingshot (New England environmental health and justice organization),1,Slingshot (New England environmental health and justice organization),1,1,ME,2025-12-16,2025-12-16,0,0,
G0421,Gates County residents,1,Gates County residents,1,1,NC,2025-12-17,2025-12-17,1,1,1.0
G0422,Residents United for a Healthy Lowell,1,Residents United for a Healthy Lowell,1,1,MI,2025-12-18,2025-12-18,0,0,
G0423,ACE Basin area residents,1,ACE Basin area residents,1,1,SC,2025-12-18,2025-12-18,0,0,
G0424,Sustain South Jersey,1,Sustain South Jersey,1,1,NJ,2025-12-23,2025-12-23,1,0,0.0
G0425,New Jersey Environmental Justice Alliance (NJEJA),1,New Jersey Environmental Justice Alliance (NJEJA),1,1,NJ,2025-12-23,2025-12-23,1,0,0.0
G0426,Maryland Data Center Reform Coalition (Nature Forward),1,Maryland Data Center Reform Coalition (Nature Forward),1,1,MD,2025-12-24,2025-12-24,0,0,
G0427,Citizens for Responsible Development,1,Citizens for Responsible Development,1,1,OK,2026-06-17,2026-06-17,1,1,1.0
G0428,Save Oklahoma Farms,1,Save Oklahoma Farms,1,1,OK,2026-06-17,2026-06-17,1,1,1.0
G0429,Ranches,1,Ranches,1,1,OK,2026-06-17,2026-06-17,1,1,1.0
G0430,STOP Data Centers & Rezoning in Conewago Twp,1,STOP Data Centers & Rezoning in Conewago Twp,1,1,PA,2026-01-01,2026-01-01,0,0,
G0431,Mount Horeb area residents,1,Mount Horeb area residents,1,1,WI,2026-01-01,2026-01-01,0,0,
G0432,Dorr Township MI - We The People,1,Dorr Township MI - We The People,1,1,MI,2026-01-01,2026-01-01,0,0,
G0433,Beaver County Community Group Against Data Centers,1,Beaver County Community Group Against Data Centers,1,1,PA,2026-01-28,2026-01-28,1,0,0.0
G0434,Environmental Health Project,1,Environmental Health Project,1,1,PA,2026-01-28,2026-01-28,1,0,0.0
G0435,Beaver County Marcellus Awareness Community (BCMAC),1,Beaver County Marcellus Awareness Community (BCMAC),1,1,PA,2026-01-28,2026-01-28,1,0,0.0
G0436,Chattanooga Residents Against Jailhouse Data Center (ad hoc),1,Chattanooga Residents Against Jailhouse Data Center (ad hoc),1,1,TN,2026-01-01,2026-01-01,1,0,0.0
G0437,Hyndman Homesites Homeowners Association,1,Hyndman Homesites Homeowners Association,1,1,WY,2026-01-06,2026-01-06,1,0,0.0
G0438,Residents for Rural,1,Residents for Rural,1,1,SD,2026-01-06,2026-01-06,0,0,
G0439,Agricultural Land (RURAL),1,Agricultural Land (RURAL),1,1,SD,2026-01-06,2026-01-06,0,0,
G0440,Citizens Opposed to Data Centers in Henry County,1,Citizens Opposed to Data Centers in Henry County,1,1,GA,2026-01-06,2026-01-06,0,0,
G0441,Conserve Henry County,1,Conserve Henry County,1,1,GA,2026-01-06,2026-01-06,0,0,
G0442,Lawrence County residents,1,Lawrence County residents,1,1,OH,2026-01-09,2026-01-09,0,0,
G0443,Friends of Nevada Wilderness,1,Friends of Nevada Wilderness,1,1,NV,2026-01-12,2026-01-12,0,0,
G0444,Basin,1,Basin,1,1,NV,2026-01-12,2026-01-12,0,0,
G0445,Range Watch,1,Range Watch,1,1,NV,2026-01-12,2026-01-12,0,0,
G0446,Stokes County Historical Society,1,Stokes County Historical Society,1,1,NC,2026-01-12,2026-01-12,1,0,0.0
G0447,Occaneechi Band of the Saponi Nation,1,Occaneechi Band of the Saponi Nation,1,1,NC,2026-01-12,2026-01-12,1,0,0.0
G0448,Southern Coalition for Social Justice,1,Southern Coalition for Social Justice,1,1,NC,2026-01-12,2026-01-12,1,0,0.0
G0449,Stokes County NAACP,1,Stokes County NAACP,1,1,NC,2026-01-12,2026-01-12,1,0,0.0
G0450,Walnut Cove residents,1,Walnut Cove residents,1,1,NC,2026-01-12,2026-01-12,1,0,0.0
G0451,National Hairston Clan,1,National Hairston Clan,1,1,NC,2026-01-12,2026-01-12,1,0,0.0
G0452,CleanAIRE NC,1,CleanAIRE NC,1,1,NC,2026-01-12,2026-01-12,1,0,0.0
G0453,Dan River Basin Association,1,Dan River Basin Association,1,1,NC,2026-01-12,2026-01-12,1,0,0.0
G0454,7 Directions of Service,1,7 Directions of Service,1,1,NC,2026-01-12,2026-01-12,1,0,0.0
G0455,Roswell residents,1,Roswell residents,1,1,GA,2026-01-12,2026-01-12,1,1,1.0
G0456,Stop the Greenleaf Data Center,1,Stop the Greenleaf Data Center,1,1,WI,2026-01-13,2026-01-13,1,1,1.0
G0457,Moms Clean Air Force,1,Moms Clean Air Force,1,1,WI,2026-01-13,2026-01-13,1,1,1.0
G0458,Izaak Walton League (Brown County Chapter),1,Izaak Walton League (Brown County Chapter),1,1,WI,2026-01-13,2026-01-13,1,1,1.0
G0459,People's Justice Council,1,People's Justice Council,1,1,AL,2026-03-03,2026-03-03,1,1,1.0
G0460,Energy Alabama,1,Energy Alabama,1,1,AL,2026-03-03,2026-03-03,1,1,1.0
G0461,Renwick Area Against Data Centers,1,Renwick Area Against Data Centers,1,1,KS,2026-01-13,2026-01-13,0,0,
G0462,Spalding County residents,1,Spalding County residents,1,1,GA,2026-01-22,2026-01-22,1,0,0.0
G0463,Oklahoma Data Center Accountability,1,Oklahoma Data Center Accountability,1,1,OK,2026-01-15,2026-01-15,0,0,
G0464,Ok Data Center,1,Ok Data Center,1,1,OK,2026-01-15,2026-01-15,0,0,
G0465,Project Sand Springs Alliance,1,Project Sand Springs Alliance,1,1,OK,2026-01-15,2026-01-15,0,0,
G0466,Land Legacy,1,Land Legacy,1,1,OK,2026-01-15,2026-01-15,0,0,
G0467,Renwick Area Against Data Centers in West Sedgwick County,1,Renwick Area Against Data Centers in West Sedgwick County,1,1,KS,2026-01-15,2026-01-15,0,0,
G0468,Sedgwick County Farm Bureau,1,Sedgwick County Farm Bureau,1,1,KS,2026-01-15,2026-01-15,0,0,
G0469,Franklin County residents,1,Franklin County residents,1,1,MO,2026-01-15,2026-01-15,0,0,
G0470,Shaw Nature Reserve / Missouri Botanical Garden,1,Shaw Nature Reserve / Missouri Botanical Garden,1,1,MO,2026-01-15,2026-01-15,0,0,
G0471,No AI Datacenters in Franklin County MO,1,No AI Datacenters in Franklin County MO,1,1,MO,2026-01-15,2026-01-15,0,0,
G0472,Clinton Residents Concerned About Data Centers,1,Clinton Residents Concerned About Data Centers,1,1,MS,2026-01-15,2026-01-15,1,0,0.0
G0473,BOLD Alliance,1,BOLD Alliance,1,1,NE,2026-01-16,2026-01-16,0,0,
G0474,Bold Alliance (Bold Nebraska),1,Bold Alliance (Bold Nebraska),1,1,NE,2026-01-16,2026-01-16,0,0,
G0475,KC Data Center Watchdog,1,KC Data Center Watchdog,1,1,MO,2026-01-16,2026-01-16,0,0,
G0476,Southern Alliance for Clean Energy (SACE),1,Southern Alliance for Clean Energy (SACE),1,1,GA,2026-01-16,2026-01-16,1,0,0.0
G0477,Southface Institute,1,Southface Institute,1,1,GA,2026-01-16,2026-01-16,1,0,0.0
G0478,Georgians Against Data Centers,1,Georgians Against Data Centers,1,1,GA,2026-01-16,2026-01-16,1,0,0.0
G0479,Ok Data Center (Atlas Project),1,Ok Data Center (Atlas Project),1,1,OK,2026-01-19,2026-01-19,1,1,1.0
G0480,Coweta residents,1,Coweta residents,1,1,OK,2026-01-19,2026-01-19,1,1,1.0
G0481,Oppose Atlas DC,1,Oppose Atlas DC,1,1,PA,2026-01-20,2026-01-20,0,0,
G0482,Monterey Park residents,1,Monterey Park residents,1,1,CA,2026-01-21,2026-01-21,0,0,
G0483,Monterey Park Against Data Centers,1,Monterey Park Against Data Centers,1,1,CA,2026-01-21,2026-01-21,0,0,
G0484,Protect Naperville Community,1,Protect Naperville Community,1,1,IL,2026-01-21,2026-01-21,0,0,
G0485,Lisle Residents Against Data Center (ad hoc),1,Lisle Residents Against Data Center (ad hoc),1,1,IL,2026-03-12,2026-03-12,1,1,1.0
G0486,Sembrando Esperanza Coalition,1,Sembrando Esperanza Coalition,1,1,TX,2026-06-18,2026-06-18,0,0,
G0487,El Paso City Council,1,El Paso City Council,1,1,TX,2026-06-18,2026-06-18,0,0,
G0488,Tazewell County Data Center Opposition,1,Tazewell County Data Center Opposition,1,1,IL,2026-03-09,2026-03-09,0,0,
G0489,Hoosier Environmental Council,1,Hoosier Environmental Council,1,1,IN,2026-01-27,2026-01-27,0,0,
G0490,Franklin Planning,1,Franklin Planning,1,1,KY,2026-01-28,2026-01-28,0,0,
G0491,Zoning Commission,1,Zoning Commission,1,1,KY,2026-01-28,2026-01-28,0,0,
G0492,Franklin residents (Jasmine Butt petition organizer),1,Franklin residents (Jasmine Butt petition organizer),1,1,KY,2026-01-28,2026-01-28,0,0,
G0493,Franklin residents (ad hoc),1,Franklin residents (ad hoc),1,1,KY,2026-01-28,2026-01-28,0,0,
G0494,East New Orleans Neighborhood Advisory Commission,1,East New Orleans Neighborhood Advisory Commission,1,1,LA,2026-01-28,2026-01-28,1,1,1.0
G0495,Carroll County Anti-Data Center Coalition,1,Carroll County Anti-Data Center Coalition,1,1,GA,2026-01-28,2026-01-28,0,0,
G0496,Wyndham community residents,1,Wyndham community residents,1,1,VA,2026-01-28,2026-01-28,1,1,1.0
G0497,Wyndham Board of Directors Smart Development Task Force,1,Wyndham Board of Directors Smart Development Task Force,1,1,VA,2026-01-28,2026-01-28,1,1,1.0
G0498,Wyndham Smart Development Task Force,1,Wyndham Smart Development Task Force,1,1,VA,2026-01-28,2026-01-28,1,1,1.0
G0499,Neighbors For Change,1,Neighbors For Change,1,1,VA,2026-01-28,2026-01-28,1,1,1.0
G0500,Henrico County residents,1,Henrico County residents,1,1,VA,2026-01-28,2026-01-28,1,1,1.0
G0501,No Henry County Data Center,1,No Henry County Data Center,1,1,IN,2026-01-28,2026-01-28,1,0,0.0
G0502,Barrington Hills residents (Change.org petition organizers),1,Barrington Hills residents (Change.org petition organizers),1,1,IL,2026-01-29,2026-01-29,1,1,1.0
G0503,Coalition for Springfield's Utility Future,1,Coalition for Springfield's Utility Future,1,1,IL,2026-02-01,2026-02-01,1,0,0.0
G0504,Adams County Residents for Responsible Development,1,Adams County Residents for Responsible Development,1,1,OH,2026-02-01,2026-02-01,0,0,
G0505,Cedar Bog Nature Preserve (supporters),1,Cedar Bog Nature Preserve (supporters),1,1,OH,2026-03-03,2026-03-03,1,1,1.0
G0506,Downriver United 734,1,Downriver United 734,1,1,MI,2026-02-01,2026-02-01,0,0,
G0507,Vienna Township trustees (preemptive zoning),1,Vienna Township trustees (preemptive zoning),1,1,OH,2026-02-01,2026-02-01,0,0,
G0508,Stop Solon Township Data Center,1,Stop Solon Township Data Center,1,1,MI,2026-02-01,2026-02-01,0,0,
G0509,Climate Coalition Montgomery County,1,Climate Coalition Montgomery County,1,1,MD,2026-02-01,2026-02-01,0,0,
G0510,Citrus County residents,1,Citrus County residents,1,1,FL,2026-05-26,2026-05-26,1,1,1.0
G0511,Elders Climate Action Maryland,1,Elders Climate Action Maryland,1,1,MD,2026-02-02,2026-02-02,0,0,
G0512,AW-CRAP,1,AW-CRAP,1,1,OH,2026-02-02,2026-02-02,0,0,
G0513,Kentucky Conservation Committee,1,Kentucky Conservation Committee,1,1,KY,2026-02-02,2026-02-02,0,0,
G0514,Mason Data Center Facts,1,Mason Data Center Facts,1,1,MI,2026-02-03,2026-02-03,0,0,
G0515,Kuna farmers,1,Kuna farmers,1,1,ID,2026-02-03,2026-02-03,0,0,
G0516,Kuna area farmers (lawsuit plaintiffs),1,Kuna area farmers (lawsuit plaintiffs),1,1,ID,2026-02-03,2026-02-03,0,0,
G0517,No Data Center Clifton/Covington TWPs,1,No Data Center Clifton/Covington TWPs,1,1,PA,2026-02-03,2026-02-03,0,0,
G0518,PennFuture,1,PennFuture,1,1,PA,2026-02-03,2026-02-03,0,0,
G0519,Pocono Heritage Land Trust,1,Pocono Heritage Land Trust,1,1,PA,2026-02-03,2026-02-03,0,0,
G0520,DE-CLEAR (Delaware Data Center Coalition for Local,1,DE-CLEAR (Delaware Data Center Coalition for Local,1,1,DE,2026-02-04,2026-02-04,0,0,
G0521,Accountable Regulation),1,Accountable Regulation),1,1,DE,2026-02-04,2026-02-04,0,0,
G0522,Columbia County Georgia,1,Columbia County Georgia,1,1,GA,2026-02-04,2026-02-04,0,0,
G0523,Columbia County residents,1,Columbia County residents,1,1,GA,2026-02-04,2026-02-04,0,0,
G0524,Mt. Orab Residents for Responsible Development,1,Mt. Orab Residents for Responsible Development,1,1,OH,2026-02-04,2026-02-04,1,1,1.0
G0525,Pike Township residents,1,Pike Township residents,1,1,IN,2026-02-02,2026-02-02,1,1,1.0
G0526,Indianapolis environmental groups,1,Indianapolis environmental groups,1,1,IN,2026-02-02,2026-02-02,1,1,1.0
G0527,South Carolina Emerging Technologies Association (supportive),1,South Carolina Emerging Technologies Association (supportive),1,1,SC,2026-02-05,2026-02-05,0,0,
G0528,Muhlenberg TWP,1,Muhlenberg TWP,1,1,OH,2026-02-06,2026-02-06,0,0,
G0529,Community Against Data Center and/or Power Distribution Build,1,Community Against Data Center and/or Power Distribution Build,1,1,OH,2026-02-06,2026-02-06,0,0,
G0530,Citizen Action of New York,1,Citizen Action of New York,1,1,NY,2026-02-06,2026-02-06,0,0,
G0531,NYPIRG,1,NYPIRG,1,1,NY,2026-02-06,2026-02-06,0,0,
G0532,New York Communities for Change,1,New York Communities for Change,1,1,NY,2026-02-06,2026-02-06,0,0,
G0533,Make the Road NY,1,Make the Road NY,1,1,NY,2026-02-06,2026-02-06,0,0,
G0534,NYC DSA Ecosocialist Working Group,1,NYC DSA Ecosocialist Working Group,1,1,NY,2026-02-06,2026-02-06,0,0,
G0535,Seneca Lake Guardian,1,Seneca Lake Guardian,1,1,NY,2026-02-06,2026-02-06,0,0,
G0536,Tucker County WV Data,1,Tucker County WV Data,1,1,WV,2026-02-07,2026-02-07,0,0,
G0537,Power,1,Power,1,1,WV,2026-02-07,2026-02-07,0,0,
G0538,Driftless Area Data Center Opposition,1,Driftless Area Data Center Opposition,1,1,WI,2026-02-09,2026-02-09,0,0,
G0539,Hood County residents,1,Hood County residents,1,1,TX,2026-02-10,2026-02-10,1,0,0.0
G0540,Public Citizen,1,Public Citizen,1,1,TX,2026-02-10,2026-02-10,1,0,0.0
G0541,Clean Virginia,1,Clean Virginia,1,1,VA,2026-02-10,2026-02-10,0,0,
G0542,Bernalillo County residents,1,Bernalillo County residents,1,1,NM,2026-02-11,2026-02-11,0,0,
G0543,Data Center Coalition,1,Data Center Coalition,1,1,WA,2026-02-11,2026-02-11,0,0,
G0544,Haynes Station Concerned Residents Committee,1,Haynes Station Concerned Residents Committee,1,1,GA,2026-02-11,2026-02-11,0,0,
G0545,West Augusta 6,1,West Augusta 6,1,1,GA,2026-02-11,2026-02-11,0,0,
G0546,Power Wisconsin Forward,1,Power Wisconsin Forward,1,1,WI,2026-02-11,2026-02-11,0,0,
G0547,NAACP (national,1,NAACP (national,1,1,WI,2026-02-11,2026-02-11,0,0,
G0548,Wisconsin State Conference),1,Wisconsin State Conference),1,1,WI,2026-02-11,2026-02-11,0,0,
G0549,Sierra Club Wisconsin (Northstar Chapter),1,Sierra Club Wisconsin (Northstar Chapter),1,1,WI,2026-02-11,2026-02-11,0,0,
G0550,Citizens Utility Board (CUB),1,Citizens Utility Board (CUB),1,1,WI,2026-02-11,2026-02-11,0,0,
G0551,Wisconsin's Green Fire,1,Wisconsin's Green Fire,1,1,WI,2026-02-11,2026-02-11,0,0,
G0552,Wisconsinites against Data Centers,1,Wisconsinites against Data Centers,1,1,WI,2026-02-11,2026-02-11,0,0,
G0553,Slingshot (environmental health and justice organization),1,Slingshot (environmental health and justice organization),1,1,ME,2026-04-24,2026-04-24,1,0,0.0
G0554,GreenLatinos,1,GreenLatinos,1,1,CO,2026-02-12,2026-02-12,0,0,
G0555,Western Colorado Alliance,1,Western Colorado Alliance,1,1,CO,2026-02-12,2026-02-12,0,0,
G0556,One Voice Martindale Brightwood,1,One Voice Martindale Brightwood,1,1,IN,2026-02-12,2026-02-12,1,0,0.0
G0557,Indianapolis NAACP,1,Indianapolis NAACP,1,1,IN,2026-02-12,2026-02-12,1,0,0.0
G0558,Martindale-Brightwood residents,1,Martindale-Brightwood residents,1,1,IN,2026-02-12,2026-02-12,1,0,0.0
G0559,Protect Martindale-Brightwood,1,Protect Martindale-Brightwood,1,1,IN,2026-02-12,2026-02-12,1,0,0.0
G0560,Walla Walla chapter,1,Walla Walla chapter,1,1,WA,2026-02-12,2026-02-12,0,0,
G0561,Democratic Socialists of America,1,Democratic Socialists of America,1,1,WA,2026-02-12,2026-02-12,0,0,
G0562,Walla Walla DSA,1,Walla Walla DSA,1,1,WA,2026-02-12,2026-02-12,0,0,
G0563,North Carolina Environmental Justice Network (NCEJN),1,North Carolina Environmental Justice Network (NCEJN),1,1,NC,2026-02-13,2026-02-13,0,0,
G0564,Hubbard Residents Against Data Centers,1,Hubbard Residents Against Data Centers,1,1,OH,2026-02-15,2026-02-15,0,0,
G0565,Scioto County residents,1,Scioto County residents,1,1,OH,2026-02-15,2026-02-15,0,0,
G0566,Ohio transparency advocates,1,Ohio transparency advocates,1,1,OH,2026-02-15,2026-02-15,0,0,
G0567,Preserving Montgomery County,1,Preserving Montgomery County,1,1,MO,2026-02-16,2026-02-16,0,0,
G0568,Save Our Springs Alliance,1,Save Our Springs Alliance,1,1,TX,2026-02-17,2026-02-17,0,0,
G0569,San Marcos River Foundation,1,San Marcos River Foundation,1,1,TX,2026-02-17,2026-02-17,0,0,
G0570,Sierra Club Georgia,1,Sierra Club Georgia,1,1,GA,2026-02-17,2026-02-17,0,0,
G0571,Food,1,Food,1,1,PA,2026-02-17,2026-02-17,0,0,
G0572,Water Watch,1,Water Watch,1,1,PA,2026-02-17,2026-02-17,0,0,
G0573,Friends of the Earth,1,Friends of the Earth,1,1,PA,2026-02-17,2026-02-17,0,0,
G0574,Greenpeace,1,Greenpeace,1,1,PA,2026-02-17,2026-02-17,0,0,
G0575,Pennsylvania Data Center Resistance,1,Pennsylvania Data Center Resistance,1,1,PA,2026-02-17,2026-02-17,0,0,
G0576,Data Center Action Coalition,1,Data Center Action Coalition,1,1,TX,2026-02-17,2026-02-17,1,0,0.0
G0577,Columbiana residents,1,Columbiana residents,1,1,AL,2026-02-17,2026-02-17,0,0,
G0578,Central Oregon LandWatch,1,Central Oregon LandWatch,1,1,OR,2026-02-17,2026-02-17,0,0,
G0579,Oregon Agricultural Trust,1,Oregon Agricultural Trust,1,1,OR,2026-02-17,2026-02-17,0,0,
G0580,Stop Data Centers in Maumee,1,Stop Data Centers in Maumee,1,1,OH,2026-02-18,2026-02-18,0,0,
G0581,Monclova,1,Monclova,1,1,OH,2026-02-18,2026-02-18,0,0,
G0582,Waterville & Whitehouse,1,Waterville & Whitehouse,1,1,OH,2026-02-18,2026-02-18,0,0,
G0583,NAACP New Jersey Chapter,1,NAACP New Jersey Chapter,1,1,NJ,2026-02-19,2026-02-19,0,0,
G0584,NJ B.U.R.N. (Build Up Resistance Now),1,NJ B.U.R.N. (Build Up Resistance Now),1,1,NJ,2026-02-19,2026-02-19,0,0,
G0585,New Brunswick NAACP,1,New Brunswick NAACP,1,1,NJ,2026-02-19,2026-02-19,0,0,
G0586,NJ Build Up Resistance Now (NJ B.U.R.N.),1,NJ Build Up Resistance Now (NJ B.U.R.N.),1,1,NJ,2026-02-19,2026-02-19,0,0,
G0587,Iowa State Association of Counties (supportive),1,Iowa State Association of Counties (supportive),1,1,IA,2026-02-19,2026-02-19,1,0,0.0
G0588,Iowa State Association of Counties,1,Iowa State Association of Counties,1,1,IA,2026-02-19,2026-02-19,1,0,0.0
G0589,We Are Mercer County,1,We Are Mercer County,1,1,KY,2026-02-19,2026-02-19,1,1,1.0
G0590,Stop Data Centers in Aurora IL,1,Stop Data Centers in Aurora IL,1,1,IL,2026-02-19,2026-02-19,0,0,
G0591,GreenLatinos Illinois,1,GreenLatinos Illinois,1,1,IL,2026-02-19,2026-02-19,0,0,
G0592,Illinois Environmental Council,1,Illinois Environmental Council,1,1,IL,2026-02-19,2026-02-19,0,0,
G0593,Dryden Climate Action Committee,1,Dryden Climate Action Committee,1,1,NY,2026-02-19,2026-02-19,0,0,
G0594,Two Creeks residents,1,Two Creeks residents,1,1,WI,2026-02-20,2026-02-20,0,0,
G0595,Two Rivers residents,1,Two Rivers residents,1,1,WI,2026-02-20,2026-02-20,0,0,
G0596,Mishicot residents,1,Mishicot residents,1,1,WI,2026-02-20,2026-02-20,0,0,
G0597,Manitowoc County farmers,1,Manitowoc County farmers,1,1,WI,2026-02-20,2026-02-20,0,0,
G0598,230+ environmental groups coalition,1,230+ environmental groups coalition,1,1,DC,2026-03-25,2026-03-25,0,0,
G0599,Prevent North Coventry Data Center,1,Prevent North Coventry Data Center,1,1,PA,2026-02-23,2026-02-23,0,0,
G0600,St. Lucie County residents,1,St. Lucie County residents,1,1,FL,2026-02-23,2026-02-23,0,0,
G0601,Lincoln County residents (Commissioner Joel Arends supporters),1,Lincoln County residents (Commissioner Joel Arends supporters),1,1,SD,2026-02-24,2026-02-24,1,0,0.0
G0602,Sunbury Residents Against Data Centers,1,Sunbury Residents Against Data Centers,1,1,OH,2026-04-15,2026-04-15,0,0,
G0603,Just Transition Northwest Indiana,1,Just Transition Northwest Indiana,1,1,IN,2026-02-24,2026-02-24,0,0,
G0604,Mooringsport officials,1,Mooringsport officials,1,1,LA,2026-02-24,2026-02-24,0,0,
G0605,Acadia Center,1,Acadia Center,1,1,MA,2026-02-24,2026-02-24,0,0,
G0606,Protect Hilliard,1,Protect Hilliard,1,1,OH,2026-02-24,2026-02-24,0,0,
G0607,Pacific Root Coalition,1,Pacific Root Coalition,1,1,MO,2026-02-25,2026-02-25,0,0,
G0608,Pacific ROOT Coalition (Pacific Residents Organizing for Our Tomorrow Coalition),1,Pacific ROOT Coalition (Pacific Residents Organizing for Our Tomorrow Coalition),1,1,MO,2026-02-25,2026-02-25,0,0,
G0609,Phillipsburg Town Council Anti-Data Center Coalition,1,Phillipsburg Town Council Anti-Data Center Coalition,1,1,NJ,2026-02-25,2026-02-25,0,0,
G0610,Mooringsport village officials,1,Mooringsport village officials,1,1,LA,2026-02-25,2026-02-25,0,0,
G0611,Stop Data Center in Muscogee County,1,Stop Data Center in Muscogee County,1,1,GA,2026-06-16,2026-06-16,0,0,
G0612,Clean Energy Columbus,1,Clean Energy Columbus,1,1,GA,2026-06-16,2026-06-16,0,0,
G0613,Fort Meade residents,1,Fort Meade residents,1,1,FL,2026-02-25,2026-02-25,0,0,
G0614,Polk County environmental advocates,1,Polk County environmental advocates,1,1,FL,2026-02-25,2026-02-25,0,0,
G0615,Thrive Kings Mountain,1,Thrive Kings Mountain,1,1,NC,2026-02-26,2026-02-26,0,0,
G0616,Berkeley County Democratic Executive Committee,1,Berkeley County Democratic Executive Committee,1,1,WV,2026-02-26,2026-02-26,0,0,
G0617,Spring Hill residents,1,Spring Hill residents,1,1,KS,2026-03-25,2026-03-25,0,0,
G0618,Missouri Future Caucus,1,Missouri Future Caucus,1,1,MO,2026-02-26,2026-02-26,1,0,0.0
G0619,No False Climate Solutions PA,1,No False Climate Solutions PA,1,1,PA,2026-02-26,2026-02-26,0,0,
G0620,Food & Water Watch (Eastern PA chapter),1,Food & Water Watch (Eastern PA chapter),1,1,PA,2026-02-26,2026-02-26,0,0,
G0621,Brookings City Council members (tax rebate opposition),1,Brookings City Council members (tax rebate opposition),1,1,SD,2026-02-26,2026-02-26,0,0,
G0622,Indivisible Hall,1,Indivisible Hall,1,1,GA,2026-02-26,2026-02-26,0,0,
G0623,Spartanburg County residents,1,Spartanburg County residents,1,1,SC,2026-02-27,2026-02-27,1,1,1.0
G0624,Sierra Club Upstate,1,Sierra Club Upstate,1,1,SC,2026-02-27,2026-02-27,1,1,1.0
G0625,Weld County residents,1,Weld County residents,1,1,CO,2026-04-06,2026-04-06,0,0,
G0626,Colorado Fiscal Institute,1,Colorado Fiscal Institute,1,1,CO,2026-04-06,2026-04-06,0,0,
G0627,Natural Resources Defense Council,1,Natural Resources Defense Council,1,1,CO,2026-04-06,2026-04-06,0,0,
G0628,Idlebriar neighborhood residents,1,Idlebriar neighborhood residents,1,1,MS,2026-03-01,2026-03-01,0,0,
G0629,Idlebriar Neighborhood Association,1,Idlebriar Neighborhood Association,1,1,MS,2026-03-01,2026-03-01,0,0,
G0630,Iowa Sierra Club,1,Iowa Sierra Club,1,1,IA,2026-03-01,2026-03-01,0,0,
G0631,Environment Georgia,1,Environment Georgia,1,1,GA,2026-03-01,2026-03-01,0,0,
G0632,Stop the Data Center @ Barnsley,1,Stop the Data Center @ Barnsley,1,1,GA,2026-03-01,2026-03-01,0,0,
G0633,South Florida Wildlands Association,1,South Florida Wildlands Association,1,1,FL,2026-03-01,2026-03-01,0,0,
G0634,Save Our Community (Hollenback Township),1,Save Our Community (Hollenback Township),1,1,PA,2026-03-02,2026-03-02,0,0,
G0635,Coalition for Community Centered Data Centers in Southern Maryland,1,Coalition for Community Centered Data Centers in Southern Maryland,1,1,MD,2026-03-02,2026-03-02,0,0,
G0636,Strong Towns Charles County,1,Strong Towns Charles County,1,1,MD,2026-03-02,2026-03-02,0,0,
G0637,No Data Centers,1,No Data Centers,1,1,IN,2026-03-03,2026-03-03,1,1,1.0
G0638,Fulton County,1,Fulton County,1,1,IN,2026-03-03,2026-03-03,1,1,1.0
G0639,No Data Centers Fulton County IN,1,No Data Centers Fulton County IN,1,1,IN,2026-03-03,2026-03-03,1,1,1.0
G0640,NO DATA CENTER in Lyon Township,1,NO DATA CENTER in Lyon Township,1,1,MI,2026-03-03,2026-03-03,1,1,1.0
G0641,Tobyhanna Township Residents Against Caughbaugh Road Data Center,1,Tobyhanna Township Residents Against Caughbaugh Road Data Center,1,1,PA,2026-03-03,2026-03-03,0,0,
G0642,Shreveport-Bossier Anti-War Committee,1,Shreveport-Bossier Anti-War Committee,1,1,LA,2026-03-03,2026-03-03,0,0,
G0643,Delta County residents,1,Delta County residents,1,1,MI,2026-03-03,2026-03-03,0,0,
G0644,Mercer County residents,1,Mercer County residents,1,1,ND,2026-03-03,2026-03-03,0,0,
G0645,Informed St. Mary's,1,Informed St. Mary's,1,1,MD,2026-03-03,2026-03-03,1,0,0.0
G0646,No Data Centers In Urbana,1,No Data Centers In Urbana,1,1,OH,2026-06-17,2026-06-17,0,0,
G0647,OH,1,OH,1,1,OH,2026-06-17,2026-06-17,0,0,
G0648,Linn County residents,1,Linn County residents,1,1,IA,2026-06-15,2026-06-15,0,0,
G0649,McDuffie County residents,1,McDuffie County residents,1,1,GA,2026-03-04,2026-03-04,1,0,0.0
G0650,Winyah Rivers Alliance,1,Winyah Rivers Alliance,1,1,SC,2026-03-05,2026-03-05,0,0,
G0651,Marion County Concerned Citizens,1,Marion County Concerned Citizens,1,1,SC,2026-03-05,2026-03-05,0,0,
G0652,West Louisville residents,1,West Louisville residents,1,1,KY,2026-03-05,2026-03-05,1,0,0.0
G0653,Prairie Rivers Network,1,Prairie Rivers Network,1,1,IL,2026-04-23,2026-04-23,1,1,1.0
G0654,Save Our Farmlands,1,Save Our Farmlands,1,1,VA,2025-04-01,2025-04-01,0,0,
G0655,No Power Plant No Data Center,1,No Power Plant No Data Center,1,1,VA,2025-04-01,2025-04-01,0,0,
G0656,Louisa County residents (Don't Loudoun my Louisa),1,Louisa County residents (Don't Loudoun my Louisa),1,1,VA,2025-07-25,2025-07-25,0,0,
G0657,Louisa County residents,1,Louisa County residents,1,1,VA,2025-07-25,2025-07-25,0,0,
G0658,Spotsylvania County residents,1,Spotsylvania County residents,1,1,VA,2025-11-01,2025-11-01,0,0,
G0659,Protect Catlett,1,Protect Catlett,1,1,VA,2024-07-15,2024-07-15,1,1,1.0
G0660,Frederick County residents,1,Frederick County residents,1,1,VA,2025-06-25,2025-06-25,0,0,
G0661,Friends of the Meherrin River,1,Friends of the Meherrin River,1,1,VA,2025-03-01,2025-03-01,0,0,
G0662,Chesapeake Climate Action Network (CCAN),1,Chesapeake Climate Action Network (CCAN),1,1,VA,2025-11-19,2025-11-19,1,1,1.0
G0663,Lake Whitney area residents,1,Lake Whitney area residents,1,1,TX,2026-01-14,2026-01-14,0,0,
G0664,Citizens Concerned About Wolf Hollow,1,Citizens Concerned About Wolf Hollow,1,1,TX,2024-10-04,2024-10-04,0,0,
G0665,Mitchell Bend residents,1,Mitchell Bend residents,1,1,TX,2024-10-04,2024-10-04,0,0,
G0666,Concerned Citizens of Navarro County,1,Concerned Citizens of Navarro County,1,1,TX,2023-10-23,2023-10-23,1,0,0.0
G0667,Texas Coalition Against Cryptomining,1,Texas Coalition Against Cryptomining,1,1,TX,2023-10-23,2023-10-23,1,0,0.0
G0668,Navarro County residents,1,Navarro County residents,1,1,TX,2023-10-23,2023-10-23,1,0,0.0
G0669,Scioto Township residents (ad hoc),1,Scioto Township residents (ad hoc),1,1,OH,2026-03-06,2026-03-06,1,1,1.0
G0670,Buckeye Environmental Network,1,Buckeye Environmental Network,1,1,OH,2026-03-07,2026-03-07,0,0,
G0671,Dexter Township Residents,1,Dexter Township Residents,1,1,MI,2026-02-01,2026-02-01,1,1,1.0
G0672,Sunrise Spartans (MSU),1,Sunrise Spartans (MSU),1,1,MI,2026-04-06,2026-04-06,1,1,1.0
G0673,Lancaster Residents Against Data Centers,1,Lancaster Residents Against Data Centers,1,1,PA,2025-10-06,2025-10-06,1,0,0.0
G0674,Save Frackville,1,Save Frackville,1,1,PA,2025-09-10,2025-09-10,0,0,
G0675,East Manchester Township Residents Against Data Centers,1,East Manchester Township Residents Against Data Centers,1,1,PA,2025-10-14,2025-10-14,0,0,
G0676,Twin Rivers Community Residents,1,Twin Rivers Community Residents,1,1,NJ,2025-11-25,2025-11-25,0,0,
G0677,CCAN Action Fund,1,CCAN Action Fund,1,1,MD,2026-01-26,2026-01-26,1,0,0.0
G0678,High Falls Towaliga Watershed Alliance,1,High Falls Towaliga Watershed Alliance,1,1,GA,2026-02-03,2026-02-03,1,0,0.0
G0679,Stop the Data Center in Bartow County,1,Stop the Data Center in Bartow County,1,1,GA,2025-04-28,2025-04-28,0,0,
G0680,Center for Economic Accountability,1,Center for Economic Accountability,1,1,MS,2025-12-29,2025-12-29,1,0,0.0
G0681,Sulphur Springs residents,1,Sulphur Springs residents,1,1,TX,2025-10-01,2025-10-01,0,0,
G0682,Vistra / Luminant,1,Vistra / Luminant,1,1,TX,2025-10-01,2025-10-01,0,0,
G0683,Lubbock Compact,1,Lubbock Compact,1,1,TX,2026-01-08,2026-01-08,1,1,1.0
G0684,Protect Wilson County Water,1,Protect Wilson County Water,1,1,TX,2025-11-01,2025-11-01,0,0,
G0685,Stockdale area residents,1,Stockdale area residents,1,1,TX,2025-11-01,2025-11-01,0,0,
G0686,Cedar Creek area residents,1,Cedar Creek area residents,1,1,TX,2026-01-01,2026-01-01,0,0,
G0687,Gaines Township residents (ad hoc),1,Gaines Township residents (ad hoc),1,1,MI,2026-03-03,2026-03-03,0,0,
G0688,Avocado Heights/Industry Hills Community Alliance,1,Avocado Heights/Industry Hills Community Alliance,1,1,CA,2025-01-15,2025-01-15,1,0,0.0
G0689,El Monte Neighbors United,1,El Monte Neighbors United,1,1,CA,2026-03-19,2026-03-19,1,1,1.0
G0690,Imperial Valley Environmental Justice Coalition,1,Imperial Valley Environmental Justice Coalition,1,1,CA,2025-01-28,2025-01-28,0,0,
G0691,Morrow County Water Guardians,1,Morrow County Water Guardians,1,1,OR,2025-02-05,2025-02-05,0,0,
G0692,Harlingen residents,1,Harlingen residents,1,1,TX,2026-02-26,2026-02-26,1,1,1.0
G0693,Twin Rivers Community (ad hoc),1,Twin Rivers Community (ad hoc),1,1,NJ,2026-03-09,2026-03-09,0,0,
G0694,Seneca County Board of Supervisors,1,Seneca County Board of Supervisors,1,1,NY,2026-03-13,2026-03-13,0,0,
G0695,CLEAN (Cayuga Lake Environmental Action Now),1,CLEAN (Cayuga Lake Environmental Action Now),1,1,NY,2026-03-13,2026-03-13,0,0,
G0696,Tompkins County Legislature,1,Tompkins County Legislature,1,1,NY,2026-03-13,2026-03-13,0,0,
G0697,Route 33 corridor residents,1,Route 33 corridor residents,1,1,VA,2026-05-28,2026-05-28,0,0,
G0698,Sanford Residents Concerned About Data Centers,1,Sanford Residents Concerned About Data Centers,1,1,ME,2026-02-13,2026-02-13,0,0,
G0699,Altamaha Riverkeeper,1,Altamaha Riverkeeper,1,1,GA,2025-12-01,2025-12-01,0,0,
G0700,Georgians for Integrity,1,Georgians for Integrity,1,1,GA,2025-12-01,2025-12-01,0,0,
G0701,Stockton Area Residents Against Solar,1,Stockton Area Residents Against Solar,1,1,AL,2026-03-11,2026-03-11,0,0,
G0702,Benton Area Residents Concerned About Data Centers,1,Benton Area Residents Concerned About Data Centers,1,1,LA,2026-02-01,2026-02-01,1,0,0.0
G0703,Stop the Monticello Data Centers MN,1,Stop the Monticello Data Centers MN,1,1,MN,2026-03-09,2026-03-09,0,0,
G0704,Clover Ridge Neighborhood Residents,1,Clover Ridge Neighborhood Residents,1,1,MN,2024-10-21,2024-10-21,1,0,0.0
G0705,Warrenton Residents Against Data Centers,1,Warrenton Residents Against Data Centers,1,1,MO,2026-01-20,2026-01-20,1,0,0.0
G0706,Say NO to Data Centers in Troy IL,1,Say NO to Data Centers in Troy IL,1,1,IL,2026-03-12,2026-03-12,1,1,1.0
G0707,Prairie District Neighborhood Alliance,1,Prairie District Neighborhood Alliance,1,1,IL,2026-02-17,2026-02-17,0,0,
G0708,Residents for Responsible Growth,1,Residents for Responsible Growth,1,1,IL,2026-02-22,2026-02-22,0,0,
G0709,Oklahoma ratepayer advocates,1,Oklahoma ratepayer advocates,1,1,OK,2026-01-01,2026-01-01,1,0,0.0
G0710,Susitna River Coalition,1,Susitna River Coalition,1,1,AK,2026-03-11,2026-03-11,0,0,
G0711,New Market Village HOA,1,New Market Village HOA,1,1,VA,2026-02-27,2026-02-27,0,0,
G0712,West Virginia Environmental Council,1,West Virginia Environmental Council,1,1,WV,2026-02-25,2026-02-25,1,0,0.0
G0713,West Virginia Center on Budget & Policy,1,West Virginia Center on Budget & Policy,1,1,WV,2026-02-25,2026-02-25,1,0,0.0
G0714,Elyria-Swansea community residents,1,Elyria-Swansea community residents,1,1,CO,2026-02-23,2026-02-23,0,0,
G0715,GES Coalition,1,GES Coalition,1,1,CO,2026-02-23,2026-02-23,0,0,
G0716,Tucson Clean Energy Coalition,1,Tucson Clean Energy Coalition,1,1,AZ,2026-06-17,2026-06-17,0,0,
G0717,RAZE (Rural Arizona Engagement),1,RAZE (Rural Arizona Engagement),1,1,AZ,2026-01-14,2026-01-14,1,0,0.0
G0718,Defending Utah,1,Defending Utah,1,1,UT,2026-06-04,2026-06-04,1,0,0.0
G0719,Hill County Concerned Citizens,1,Hill County Concerned Citizens,1,1,TX,2026-02-12,2026-02-12,0,0,
G0720,White Clay Creek Conservation Alliance,1,White Clay Creek Conservation Alliance,1,1,DE,2026-01-30,2026-01-30,0,0,
G0721,Thomas County residents,1,Thomas County residents,1,1,GA,2026-01-20,2026-01-20,1,1,1.0
G0722,Suwannee Riverkeeper,1,Suwannee Riverkeeper,1,1,GA,2026-03-02,2026-03-02,1,1,1.0
G0723,Roundyard Neighborhood Residents,1,Roundyard Neighborhood Residents,1,1,MS,2026-03-24,2026-03-24,1,0,0.0
G0724,Ahwatukee Foothills Residents Against Data Centers,1,Ahwatukee Foothills Residents Against Data Centers,1,1,AZ,2026-02-24,2026-02-24,0,0,
G0725,Buckeye Residents Against Data Centers (ad hoc),1,Buckeye Residents Against Data Centers (ad hoc),1,1,AZ,2025-06-01,2025-06-01,0,0,
G0726,Santaquin Community (ad hoc),1,Santaquin Community (ad hoc),1,1,UT,2025-12-01,2025-12-01,0,0,
G0727,Honest Future for Lowell,1,Honest Future for Lowell,1,1,MA,2026-03-11,2026-03-11,1,1,1.0
G0728,Indivisible: Downriver United 734,1,Indivisible: Downriver United 734,1,1,MI,2026-03-09,2026-03-09,1,1,1.0
G0729,Essex Coalition,1,Essex Coalition,1,1,IL,2025-11-01,2025-11-01,0,0,
G0730,Sierra Club Illinois (Heart of Illinois Group),1,Sierra Club Illinois (Heart of Illinois Group),1,1,IL,2026-03-11,2026-03-11,0,0,
G0731,Keep Leesburg Rural,1,Keep Leesburg Rural,1,1,IN,2025-04-22,2025-04-22,0,0,
G0732,Washington Township trustees (moratorium),1,Washington Township trustees (moratorium),1,1,OH,2025-12-08,2025-12-08,1,1,1.0
G0733,St. Albans Township Residents,1,St. Albans Township Residents,1,1,OH,2026-03-10,2026-03-10,0,0,
G0734,Stanton Springs Data Center (opposition Facebook page),1,Stanton Springs Data Center (opposition Facebook page),1,1,GA,2026-01-05,2026-01-05,1,1,1.0
G0735,Confederated Tribes of Warm Springs,1,Confederated Tribes of Warm Springs,1,1,OR,2025-12-09,2025-12-09,0,0,
G0736,No Beloit Data Center,1,No Beloit Data Center,1,1,WI,2026-03-12,2026-03-12,0,0,
G0737,Brazoria County residents,1,Brazoria County residents,1,1,TX,2026-03-13,2026-03-13,0,0,
G0738,Fredericksburg residents (Great Oaks Lane neighborhood),1,Fredericksburg residents (Great Oaks Lane neighborhood),1,1,VA,2025-12-11,2025-12-11,0,0,
G0739,Coalition for the Protection of Pittsylvania County,1,Coalition for the Protection of Pittsylvania County,1,1,VA,2026-03-09,2026-03-09,1,0,0.0
G0740,Stop MARL Virginia / Stop Valley Link Virginia,1,Stop MARL Virginia / Stop Valley Link Virginia,1,1,VA,2026-02-19,2026-02-19,0,0,
G0741,Fluvanna County residents,1,Fluvanna County residents,1,1,VA,2026-02-19,2026-02-19,0,0,
G0742,Louisa County Board of Supervisors,1,Louisa County Board of Supervisors,1,1,VA,2026-02-19,2026-02-19,0,0,
G0743,Orange County residents,1,Orange County residents,1,1,VA,2026-02-19,2026-02-19,0,0,
G0744,Fauquier County Board of Supervisors,1,Fauquier County Board of Supervisors,1,1,VA,2026-02-19,2026-02-19,0,0,
G0745,Appomattox County residents,1,Appomattox County residents,1,1,VA,2026-02-19,2026-02-19,0,0,
G0746,Friends of Chesterfield,1,Friends of Chesterfield,1,1,VA,2025-11-25,2025-11-25,0,0,
G0747,Chesterfield NAACP,1,Chesterfield NAACP,1,1,VA,2025-11-25,2025-11-25,0,0,
G0748,Mothers Out Front,1,Mothers Out Front,1,1,VA,2025-11-25,2025-11-25,0,0,
G0749,Loudoun Valley Estates residents,1,Loudoun Valley Estates residents,1,1,VA,2025-12-16,2025-12-16,1,0,0.0
G0750,Loudoun County School Board,1,Loudoun County School Board,1,1,VA,2025-12-16,2025-12-16,1,0,0.0
G0751,Provo East District residents (ad hoc),1,Provo East District residents (ad hoc),1,1,UT,2026-03-11,2026-03-11,0,0,
G0752,Provo East District residents,1,Provo East District residents,1,1,UT,2026-03-11,2026-03-11,0,0,
G0753,Sarpy County Board of Commissioners,1,Sarpy County Board of Commissioners,1,1,NE,2026-02-01,2026-02-01,0,0,
G0754,Physicians for Social Responsibility Pennsylvania,1,Physicians for Social Responsibility Pennsylvania,1,1,PA,2026-01-17,2026-01-17,0,0,
G0755,Londonderry Township Residents (ad hoc),1,Londonderry Township Residents (ad hoc),1,1,PA,2026-02-11,2026-02-11,0,0,
G0756,Good Trouble Monroe,1,Good Trouble Monroe,1,1,MI,2025-11-17,2025-11-17,0,0,
G0757,Southfield Community for Growth Coalition,1,Southfield Community for Growth Coalition,1,1,MI,2025-12-15,2025-12-15,1,0,0.0
G0758,Coal City residents (ad hoc),1,Coal City residents (ad hoc),1,1,IL,2026-02-01,2026-02-01,0,0,
G0759,Minooka residents (ad hoc),1,Minooka residents (ad hoc),1,1,IL,2025-10-01,2025-10-01,1,0,0.0
G0760,Data Center Watch,1,Data Center Watch,1,1,US,2026-03-01,2026-03-01,0,0,
G0761,Move the Gas Plant,1,Move the Gas Plant,1,1,TX,2026-01-01,2026-01-01,0,0,
G0762,Hill Country Preservation Coalition,1,Hill Country Preservation Coalition,1,1,TX,2026-01-01,2026-01-01,0,0,
G0763,New Kent County residents (ad hoc),1,New Kent County residents (ad hoc),1,1,VA,2026-02-17,2026-02-17,0,0,
G0764,Labadie Environmental Organization,1,Labadie Environmental Organization,1,1,MO,2026-03-17,2026-03-17,0,0,
G0765,No AI Data Centers in Franklin County (Facebook group),1,No AI Data Centers in Franklin County (Facebook group),1,1,MO,2026-03-17,2026-03-17,0,0,
G0766,Meade County residents,1,Meade County residents,1,1,KY,2026-01-13,2026-01-13,1,1,1.0
G0767,No Data Center in Monterey Park,1,No Data Center in Monterey Park,1,1,CA,2026-03-04,2026-03-04,0,0,
G0768,Ardmore Neighborhood Residents,1,Ardmore Neighborhood Residents,1,1,OK,2026-03-16,2026-03-16,1,1,1.0
G0769,Noble Foundation,1,Noble Foundation,1,1,OK,2026-03-16,2026-03-16,1,1,1.0
G0770,AARP Colorado,1,AARP Colorado,1,1,CO,2026-02-01,2026-02-01,0,0,
G0771,Stop Grant County Data Center,1,Stop Grant County Data Center,1,1,AR,2025-10-01,2025-10-01,0,0,
G0772,Save Matthews - NO AI Data Center,1,Save Matthews - NO AI Data Center,1,1,NC,2025-09-01,2025-09-01,1,1,1.0
G0773,Stop Data Center Project Anthem Fair Oaks,1,Stop Data Center Project Anthem Fair Oaks,1,1,OK,2024-06-01,2024-06-01,1,0,0.0
G0774,Muskogee County RWD #6 NO WATER FOR DATA CENTERS,1,Muskogee County RWD #6 NO WATER FOR DATA CENTERS,1,1,OK,2025-11-20,2025-11-20,0,0,
G0775,Concerned Citizens of Young County,1,Concerned Citizens of Young County,1,1,TX,2025-10-01,2025-10-01,0,0,
G0776,Citizens United for Responsible Growth in Leon County,1,Citizens United for Responsible Growth in Leon County,1,1,TX,2025-12-01,2025-12-01,0,0,
G0777,Appomattox Data Center Watch,1,Appomattox Data Center Watch,1,1,VA,2026-03-24,2026-03-24,0,0,
G0778,Southwest Virginia Data Center Transparency Alliance,1,Southwest Virginia Data Center Transparency Alliance,1,1,VA,2025-12-01,2025-12-01,1,0,0.0
G0779,Botetourt Data Center Concern Group,1,Botetourt Data Center Concern Group,1,1,VA,2025-12-01,2025-12-01,1,0,0.0
G0780,No Data Centers - Strasburg VA,1,No Data Centers - Strasburg VA,1,1,VA,2025-03-01,2025-03-01,0,0,
G0781,Monroe County Against Data Centers,1,Monroe County Against Data Centers,1,1,WV,2026-02-01,2026-02-01,0,0,
G0782,No Data Center In Sheboygan,1,No Data Center In Sheboygan,1,1,WI,2025-07-01,2025-07-01,0,0,
G0783,Raton Data Center Hub MOU Discussion,1,Raton Data Center Hub MOU Discussion,1,1,NM,2026-06-09,2026-06-09,0,0,
G0784,No Data Centers Davenport,1,No Data Centers Davenport,1,1,IA,2024-05-01,2024-05-01,0,0,
G0785,Concerned Citizens of Watts Township,1,Concerned Citizens of Watts Township,1,1,PA,2026-04-01,2026-04-01,0,0,
G0786,Stop FW Data Center Campus,1,Stop FW Data Center Campus,1,1,IN,2023-10-01,2023-10-01,1,0,0.0
G0787,Clinton County Indiana-NO DATA CENTERS,1,Clinton County Indiana-NO DATA CENTERS,1,1,IN,2025-12-01,2025-12-01,0,0,
G0788,Coalition to Protect Decatur County Against AI Data Center,1,Coalition to Protect Decatur County Against AI Data Center,1,1,IN,2024-12-01,2024-12-01,1,0,0.0
G0789,Bristol United: No Data Center,1,Bristol United: No Data Center,1,1,IN,2024-09-01,2024-09-01,1,0,0.0
G0790,Say No to Data Centers in LaPorte County,1,Say No to Data Centers in LaPorte County,1,1,IN,2026-04-13,2026-04-13,1,0,0.0
G0791,Shelby County citizens against data centers,1,Shelby County citizens against data centers,1,1,IN,2026-01-01,2026-01-01,1,0,0.0
G0792,Warrick County Data Center Discussion,1,Warrick County Data Center Discussion,1,1,IN,2025-12-01,2025-12-01,0,0,
G0793,Flip the Switch Berrien County MI,1,Flip the Switch Berrien County MI,1,1,MI,2025-11-01,2025-11-01,0,0,
G0794,Stop the CCP Ford Marshall Megasite,1,Stop the CCP Ford Marshall Megasite,1,1,MI,2025-10-01,2025-10-01,0,0,
G0795,Dowagiac AI DATA CENTER,1,Dowagiac AI DATA CENTER,1,1,MI,2025-12-01,2025-12-01,0,0,
G0796,Kalkaska Citizens Against the Proposed Data Center,1,Kalkaska Citizens Against the Proposed Data Center,1,1,MI,2025-11-01,2025-11-01,1,1,1.0
G0797,Piqua Citizens Against the Data Centers,1,Piqua Citizens Against the Data Centers,1,1,OH,2025-11-01,2025-11-01,1,0,0.0
G0798,Woodville & Gibsonburg Data Center,1,Woodville & Gibsonburg Data Center,1,1,OH,2025-10-01,2025-10-01,0,0,
G0799,No Waterford Data Center (Ohio),1,No Waterford Data Center (Ohio),1,1,OH,2026-01-01,2026-01-01,0,0,
G0800,Crawford County Community in Action,1,Crawford County Community in Action,1,1,GA,2026-01-06,2026-01-06,1,1,1.0
G0801,Stop Floyd County Hwy 53 Data Center,1,Stop Floyd County Hwy 53 Data Center,1,1,GA,2025-05-01,2025-05-01,1,0,0.0
G0802,We say NO! to Atlas Development,1,We say NO! to Atlas Development,1,1,GA,2025-05-01,2025-05-01,1,0,0.0
G0803,No Data Center Paulding County Georgia,1,No Data Center Paulding County Georgia,1,1,GA,2025-12-01,2025-12-01,0,0,
G0804,Forest Grove neighbors (ad hoc),1,Forest Grove neighbors (ad hoc),1,1,OR,2024-10-01,2024-10-01,1,0,0.0
G0805,Upper New River Keeper Foundation,1,Upper New River Keeper Foundation,1,1,NC,2026-03-23,2026-03-23,1,1,1.0
G0806,Washington County Planning Commission,1,Washington County Planning Commission,1,1,TN,2026-03-23,2026-03-23,1,1,1.0
G0807,"Columbia County residents (Gregory P. Guido Jr., petitioner)",1,"Columbia County residents (Gregory P. Guido Jr., petitioner)",1,1,GA,2026-02-25,2026-02-25,0,0,
G0808,Nature Forward,1,Nature Forward,1,1,MD,2026-03-23,2026-03-23,0,0,
G0809,Gunpowder Riverkeeper,1,Gunpowder Riverkeeper,1,1,MD,2026-03-23,2026-03-23,0,0,
G0810,Pennsylvania Environmental Council,1,Pennsylvania Environmental Council,1,1,PA,2026-03-24,2026-03-24,0,0,
G0811,Boulder City Climate Action Group,1,Boulder City Climate Action Group,1,1,NV,2026-02-24,2026-02-24,0,0,
G0812,Watauga Riverkeeper,1,Watauga Riverkeeper,1,1,NC,2026-03-24,2026-03-24,0,0,
G0813,Upper New River Riverkeeper,1,Upper New River Riverkeeper,1,1,NC,2026-03-24,2026-03-24,0,0,
G0814,Apple Valley Eco Advocates,1,Apple Valley Eco Advocates,1,1,MN,2026-03-18,2026-03-18,0,0,
G0815,Stop the AI Data Center in Independence (Facebook group),1,Stop the AI Data Center in Independence (Facebook group),1,1,MO,2026-03-24,2026-03-24,1,0,0.0
G0816,Stop AI Data Center on Long Ferry Rd. (community group),1,Stop AI Data Center on Long Ferry Rd. (community group),1,1,NC,2026-03-25,2026-03-25,0,0,
G0817,Protect Round Rock,1,Protect Round Rock,1,1,TX,2026-02-12,2026-02-12,1,0,0.0
G0818,Round Rock residents,1,Round Rock residents,1,1,TX,2026-02-12,2026-02-12,1,0,0.0
G0819,WV Rivers,1,WV Rivers,1,1,WV,2026-03-27,2026-03-27,1,0,0.0
G0820,League of Women Voters of West Virginia,1,League of Women Voters of West Virginia,1,1,WV,2026-03-27,2026-03-27,1,0,0.0
G0821,West Virginians Against Transmission Injustice (WATI),1,West Virginians Against Transmission Injustice (WATI),1,1,WV,2026-02-01,2026-02-01,0,0,
G0822,Jupiter Watch,1,Jupiter Watch,1,1,NM,2026-03-20,2026-03-20,0,0,
G0823,New Mexico Water Advocates,1,New Mexico Water Advocates,1,1,NM,2026-03-20,2026-03-20,0,0,
G0824,Ohio Residents for Responsible Development,1,Ohio Residents for Responsible Development,1,1,OH,2026-04-03,2026-04-03,0,0,
G0825,Citizens Utility Board,1,Citizens Utility Board,1,1,DC,2025-10-01,2025-10-01,0,0,
G0826,Detroit DSA,1,Detroit DSA,1,1,MI,2026-04-11,2026-04-11,0,0,
G0827,Stop the Hutto Data Center,1,Stop the Hutto Data Center,1,1,TX,2026-04-17,2026-04-17,1,1,1.0
G0828,Virginia Sierra Club,1,Virginia Sierra Club,1,1,VA,2026-03-17,2026-03-17,1,0,0.0
G0829,South Texas Environmental Justice Network,1,South Texas Environmental Justice Network,1,1,TX,2026-04-07,2026-04-07,0,0,
G0830,Elbert County residents,1,Elbert County residents,1,1,CO,2026-04-10,2026-04-10,1,0,0.0
G0831,Elbert County Board of Commissioners,1,Elbert County Board of Commissioners,1,1,CO,2026-04-10,2026-04-10,1,0,0.0
G0832,Louisiana Energy Users Group,1,Louisiana Energy Users Group,1,1,LA,2025-12-17,2025-12-17,1,0,0.0
G0833,Our Land,1,Our Land,1,1,MD,2026-04-21,2026-04-21,0,0,
G0834,Our Home,1,Our Home,1,1,MD,2026-04-21,2026-04-21,0,0,
G0835,Our Harford,1,Our Harford,1,1,MD,2026-04-21,2026-04-21,0,0,
G0836,Holly Ridge residents,1,Holly Ridge residents,1,1,LA,2025-11-19,2025-11-19,0,0,
G0837,IEEFA,1,IEEFA,1,1,LA,2026-01-14,2026-01-14,0,0,
G0838,Sierra Club Tennessee Chapter / Chickasaw Group,1,Sierra Club Tennessee Chapter / Chickasaw Group,1,1,TN,2024-08-26,2024-08-26,0,0,
G0839,Memphis City Council members (Cooper-Sutton,1,Memphis City Council members (Cooper-Sutton,1,1,TN,2025-03-04,2025-03-04,1,0,0.0
G0840,Walker,1,Walker,1,1,TN,2025-03-04,2025-03-04,1,0,0.0
G0841,Ford Sr.),1,Ford Sr.),1,1,TN,2025-03-04,2025-03-04,1,0,0.0
G0842,Troposphere Legal,1,Troposphere Legal,1,1,MI,2025-11-13,2025-11-13,1,0,0.0
G0843,Michigan AG Dana Nessel,1,Michigan AG Dana Nessel,1,1,MI,2026-01-08,2026-01-08,1,0,0.0
G0844,Save Port Washington,1,Save Port Washington,1,1,WI,2026-03-25,2026-03-25,0,0,
G0845,Citizens Utility Board of Wisconsin,1,Citizens Utility Board of Wisconsin,1,1,WI,2026-02-10,2026-02-10,0,0,
G0846,Milwaukee Riverkeeper,1,Milwaukee Riverkeeper,1,1,WI,2025-09-16,2025-09-16,0,0,
G0847,Mahoney family,1,Mahoney family,1,1,WI,2018-06-01,2018-06-01,1,0,0.0
G0848,Jensen family,1,Jensen family,1,1,WI,2018-06-01,2018-06-01,1,0,0.0
G0849,Wisconsin Conservation Voters,1,Wisconsin Conservation Voters,1,1,WI,2025-11-01,2025-11-01,1,0,0.0
G0850,Reserve Wythe,1,Reserve Wythe,1,1,VA,2026-04-22,2026-04-22,0,0,
G0851,Charlotte's Party for Socialism,1,Charlotte's Party for Socialism,1,1,NC,2026-04-23,2026-04-23,0,0,
G0852,Alliance for a Better Utah,1,Alliance for a Better Utah,1,1,UT,2026-06-04,2026-06-04,0,0,
G0853,Backcountry Hunters,1,Backcountry Hunters,1,1,AK,2026-07-07,2026-07-07,0,0,
G0854,Anglers (Alaska chapter),1,Anglers (Alaska chapter),1,1,AK,2026-07-07,2026-07-07,0,0,
G0855,Cayuga Lake Environmental Action Now,1,Cayuga Lake Environmental Action Now,1,1,NY,2026-07-14,2026-07-14,0,0,
G0856,Emporia Neighbors United,1,Emporia Neighbors United,1,1,KS,2026-07-15,2026-07-15,0,0,
G0857,Alabama Citizens Against Data Centers,1,Alabama Citizens Against Data Centers,1,1,AL,2026-07-13,2026-07-13,0,0,
G0858,Sowega Aquifer Alliance,1,Sowega Aquifer Alliance,1,1,GA,2026-07-21,2026-07-21,0,0,
