record_id,tier,source,name,state,county,capacity_mw,opposed_flag,lifecycle_outcome,origin_date,origin_precision,end_date,end_kind,span_days,event_observed,source_url
prj_1,internal,proposals_opposed,Project Nebius,AL,jefferson,300.0,yes,pending,2026-01-01,month,2026-04-22,censored_pending,111,0,
prj_2,internal,proposals_opposed,Project Marvel,AL,jefferson,1.2,yes,pending,2025-01-01,day,2026-04-15,censored_pending,469,0,
prj_3,internal,proposals_opposed,Meta Platforms Montgomery Data Center,AL,montgomery,227.0,yes,advanced_confirmed,2024-05-01,month,2026-04-15,decided_undated,714,0,
prj_4,internal,proposals_unopposed,DC BLOX Montgomery,AL,montgomery,40.0,no,pending,2024-11-01,month,2026-05-02,censored_pending,547,0,
prj_5,internal,proposals_opposed,DC BLOX Birmingham,AL,jefferson,40.0,yes,advanced_confirmed,2026-01-01,day,2026-05-02,decided_undated,121,0,
prj_6,internal,proposals_unopposed,AUBix + Core Scientific Data Center,AL,lee,16.0,no,advanced_confirmed,2025-01-01,day,2026-04-15,decided_undated,469,0,
prj_7,internal,proposals_opposed,Childersburg Data Center,AL,talladega,,yes,pending,2025-01-01,day,2026-04-22,censored_pending,476,0,
prj_8,internal,proposals_unopposed,Tallassee Mill Data Center,AL,elmore,10.0,no,pending,2026-04-01,month,2026-04-30,censored_pending,29,0,
prj_9,internal,proposals_unopposed,Project Red Clay,AL,lowndes,,no,pending,2026-04-01,month,2026-05-05,censored_pending,34,0,
prj_10,internal,proposals_unopposed,Edged Energy Prichard Data Center,AL,mobile,,no,pending,2026-04-01,month,2026-05-05,censored_pending,34,0,
prj_11,internal,proposals_opposed,Columbiana Mining Facility and Data Center,AL,shelby,55.0,yes,advanced_confirmed,2022-01-01,day,2026-05-05,decided_undated,1585,0,
prj_12,internal,proposals_opposed,Project Leo,AR,pulaski,1000.0,yes,pending,2026-01-01,month,2026-03-21,censored_pending,79,0,
prj_13,internal,proposals_opposed,Project Pyramid,AR,crittenden,,yes,advanced_confirmed,2025-10-01,month,2026-03-21,decided_undated,171,0,
prj_14,internal,proposals_opposed,Clarksville Data Center,AR,johnson,,yes,advanced_confirmed,2025-01-01,day,2026-04-11,decided_undated,465,0,
prj_15,internal,proposals_opposed,Port of Little Rock Data Center,AR,pulaski,100.0,yes,pending,2026-03-01,month,2026-04-11,censored_pending,41,0,
prj_17,internal,proposals_opposed,Millstone Nuclear Power Station Data Center,CT,new london,300.0,yes,pending,2024-01-01,day,2026-02-09,censored_pending,770,0,
prj_19,internal,proposals_unopposed,Bloomfield Data Center Proposal,CT,hartford,,no,pending,2025-01-01,day,2026-02-09,censored_pending,404,0,
prj_20,internal,proposals_unopposed,Trumbull Data Center Investment,CT,fairfield,,no,pending,2025-01-01,day,2026-04-12,censored_pending,466,0,
prj_21,internal,proposals_unopposed,Bristol Data Center,CT,hartford,,no,pending,2023-01-01,day,2026-04-25,censored_pending,1210,0,
prj_22,internal,proposals_opposed,Project Washington,DE,new castle,1200.0,yes,pending,2025-06-01,month,2026-04-11,censored_pending,314,0,
prj_23,internal,proposals_unopposed,"St. Georges Business Park Data Center Development  / ""Frightland Project""",DE,new castle,,no,pending,2025-11-01,month,2026-02-06,censored_pending,97,0,
prj_24,internal,proposals_unopposed,White Clay Creek Business Park Data Center Redevelopment,DE,new castle,,no,pending,2026-01-01,day,2026-02-06,censored_pending,36,0,
prj_25,internal,proposals_opposed,Project Zodiac,IN,allen,,yes,advanced_confirmed,2023-12-19,day,2026-03-07,decided_undated,809,0,
prj_26,internal,proposals_unopposed,Bristol Data Center,IN,elkhart,,no,pending,2026-03-01,month,2026-03-08,censored_pending,7,0,
prj_27,internal,proposals_unopposed,Granger Data Center,IN,st. joseph,1000.0,no,pending,2025-05-01,month,2026-03-08,censored_pending,311,0,
prj_28,internal,proposals_unopposed,South Bend Data Center,IN,st. joseph,,no,pending,2025-12-01,month,2026-03-08,censored_pending,97,0,
prj_29,internal,proposals_opposed,Decennial Group Akron Data Center,IN,fulton,500.0,yes,pending,2026-02-01,month,2026-03-09,censored_pending,36,0,
prj_30,internal,proposals_opposed,Project Rainier,IN,st. joseph,2400.0,yes,advanced_confirmed,2024-12-01,month,2026-03-17,decided_undated,471,0,
prj_32,internal,proposals_opposed,Surge Development Knightstown Data Center,IN,henry,,yes,advanced_confirmed,2025-10-01,month,2026-01-28,decision_verified,119,1,
prj_35,internal,proposals_opposed,Hancock County MegaSite,IN,hancock,,yes,blocked_confirmed,2025-04-01,month,2025-05-13,decision_verified,42,1,
prj_36,internal,proposals_opposed,Project Flo,IN,marion,,yes,blocked_confirmed,2025-03-01,month,2025-09-22,decision_verified,205,1,
prj_37,internal,proposals_unopposed,Pittsboro Middle Township Data Center,IN,hendricks,,no,pending,2025-02-01,month,2026-04-06,censored_pending,429,0,
prj_39,internal,proposals_unopposed,Project Maize,IN,la porte,,no,advanced_confirmed,2025-06-01,month,2026-04-07,decided_undated,310,0,
prj_40,internal,proposals_opposed,Hobart Tech Park,IN,lake,,yes,advanced_confirmed,2025-01-01,day,2026-05-20,decided_undated,504,0,
prj_41,internal,proposals_unopposed,Tract Project West,IA,warren,,no,pending,2025-02-01,month,2026-04-15,censored_pending,438,0,
prj_42,internal,proposals_opposed,Google Cedar Rapids,IA,linn,,yes,advanced_confirmed,2024-03-01,month,2025-01-31,decision_verified,336,1,
prj_43,internal,proposals_unopposed,QTS Cedar Rapids,IA,linn,,no,advanced_confirmed,2025-01-01,month,2026-04-15,decided_undated,469,0,
prj_44,internal,proposals_opposed,Meta Davenport Data Center,IA,scott,,yes,advanced_confirmed,2024-05-01,month,2026-04-15,decided_undated,714,0,
prj_45,internal,proposals_unopposed,Project Ruthenium,IA,madison,,no,pending,2023-11-01,month,2026-04-15,censored_pending,896,0,
prj_46,internal,proposals_opposed,Applied Digital Adair,IA,adair,200.0,yes,pending,2024-04-01,month,2026-04-15,censored_pending,744,0,
prj_47,internal,proposals_unopposed,Edged Energy Des Moines,IA,polk,13.0,no,advanced_confirmed,2025-03-01,month,2026-04-15,decided_undated,410,0,
prj_48,internal,proposals_unopposed,Project Morgan,IA,dallas,,no,advanced_confirmed,2017-08-01,month,2026-04-15,decided_undated,3179,0,
prj_49,internal,proposals_unopposed,Google Council Bluffs,IA,pottawattamie,,no,advanced_confirmed,2024-01-01,day,2026-04-15,decided_undated,835,0,
prj_50,internal,proposals_unopposed,Tract Altoona,IA,polk,,no,pending,2025-04-01,month,2026-06-01,censored_pending,426,0,
prj_51,internal,proposals_unopposed,COPT Defense Properties Data Center,IA,dallas,1000.0,no,pending,2024-10-01,month,2026-04-15,censored_pending,561,0,
prj_52,internal,proposals_unopposed,Project Alluvion,IA,polk,,no,advanced_confirmed,2014-01-01,day,2026-04-15,decided_undated,4487,0,
prj_53,internal,proposals_unopposed,Project Ginger West,IA,dallas,,no,advanced_confirmed,2021-01-01,day,2026-04-15,decided_undated,1930,0,
prj_54,internal,proposals_unopposed,Project Ginger East,IA,polk,,no,advanced_confirmed,2022-01-01,day,2026-04-15,decided_undated,1565,0,
prj_55,internal,proposals_unopposed,Project Osmium,IA,warren,,no,advanced_confirmed,2016-01-01,day,2026-04-15,decided_undated,3757,0,
prj_56,internal,proposals_opposed,PowerHouse Louisville,KY,jefferson,525.0,yes,advanced_confirmed,2025-01-01,day,2026-02-09,decided_undated,404,0,
prj_57,internal,proposals_opposed,Project Lincoln,KY,oldham,,yes,pending,2025-03-01,month,2026-03-01,censored_pending,365,0,
prj_58,internal,proposals_opposed,Franklin–Simpson Data Storage and Service Center,KY,simpson,,yes,pending,2025-01-01,day,2026-02-09,censored_pending,404,0,
prj_59,internal,proposals_opposed,Harrodsburg Data Center,KY,mercer,525.0,yes,pending,2025-01-01,day,2026-02-20,censored_pending,415,0,
prj_60,internal,proposals_opposed,TeraWulf Hawesville Data Center,KY,hancock,,yes,pending,2026-01-01,day,2026-05-05,censored_pending,124,0,
prj_61,internal,proposals_unopposed,Project Pulse,KY,clark,,no,blocked_confirmed,2026-01-01,day,2026-05-05,decided_undated,124,0,
prj_62,internal,proposals_opposed,Bates Mill No. 3. Data Center,ME,androscoggin,,yes,blocked_confirmed,2025-01-01,day,2026-06-16,decided_undated,531,0,
prj_63,internal,proposals_unopposed,Loring Air Force Base Data Center,ME,aroostook,2.0,no,pending,2025-10-01,month,2026-02-08,censored_pending,130,0,
prj_64,internal,proposals_unopposed,Millinocket Data Center,ME,aroostook,60.0,no,blocked_confirmed,2021-01-01,day,2026-02-08,decided_undated,1864,0,
prj_65,internal,proposals_opposed,Sanford Woods Industrial and Technical Campus,ME,york,,yes,pending,2026-01-01,day,2026-03-08,censored_pending,66,0,
prj_66,internal,proposals_opposed,Woodlawn Data Center,MD,baltimore,150.0,yes,pending,2025-12-01,month,2026-02-06,censored_pending,67,0,
prj_67,internal,proposals_opposed,Brightseat Tech Park Data Center Development,MD,prince george's,,yes,pending,2025-01-01,day,2026-02-07,censored_pending,402,0,
prj_68,internal,proposals_unopposed,Laurel Data Center,MD,prince george's,20.0,no,pending,2024-05-01,month,2026-02-07,censored_pending,647,0,
prj_69,internal,proposals_opposed,Federick County Zoning Overlay + Quantum Frederick Park Data Center Campus,MD,frederick,,yes,advanced_confirmed,2021-01-01,day,2026-02-07,decided_undated,1863,0,
prj_70,internal,proposals_unopposed,Piney Reach Data Center Development,MD,charles,,no,pending,2025-01-01,day,2026-02-07,censored_pending,402,0,
prj_71,internal,proposals_unopposed,Johns Hopkins Data Science and Artificial Intelligence Institute (DSAI),MD,baltimore,,no,advanced_confirmed,2024-01-01,day,2026-03-05,decided_undated,794,0,
prj_72,internal,proposals_opposed,Atmosphere Dickerson Data Center,MD,montgomery,360.0,yes,pending,2026-02-01,month,2026-05-24,censored_pending,112,0,
prj_74,internal,proposals_opposed,Project Mitten / The Barn,MI,washtenaw,1400.0,yes,advanced_confirmed,2025-10-01,month,2025-10-15,decision_verified,14,1,
prj_75,internal,proposals_opposed,Project Cannoli,MI,wayne,1000.0,yes,pending,2025-12-01,month,2026-03-01,censored_pending,90,0,
prj_76,internal,proposals_unopposed,Project Splitrock,MI,livingston,,no,blocked_confirmed,2025-09-01,month,2026-03-02,decided_undated,182,0,
prj_77,internal,proposals_opposed,32 Mile Road Technical Campus,MI,macomb,,yes,pending,2025-01-01,day,2026-03-02,censored_pending,425,0,
prj_78,internal,proposals_opposed,Benton Charter Township Data Center,MI,berrien,,yes,pending,2024-01-01,day,2026-03-08,censored_pending,797,0,
prj_79,internal,proposals_opposed,Microsoft Gaines Township Data Center,MI,kent,,yes,pending,2026-01-01,day,2026-03-04,censored_pending,62,0,
prj_80,internal,proposals_opposed,Rocklocker Kalkaska Data Center,MI,kalkaska,,yes,blocked_confirmed,2025-01-01,day,2026-03-06,decided_undated,429,0,
prj_81,internal,proposals_opposed,Ypsilanti University of Michigan × Los Alamos Supercomputing Research Center,MI,washtenaw,,yes,pending,2025-01-01,day,2026-03-08,censored_pending,431,0,
prj_82,internal,proposals_opposed,Project Cherry Blossom,MI,monroe,,yes,pending,2025-11-01,month,2026-03-09,censored_pending,128,0,
prj_83,internal,proposals_opposed,Project Ironwood,MI,monroe,,yes,pending,2025-07-01,month,2026-03-09,censored_pending,251,0,
prj_84,internal,proposals_opposed,Project Flex,MI,oakland,,yes,pending,2025-09-01,month,2026-03-09,censored_pending,189,0,
prj_85,internal,proposals_opposed,Deep Green Lansing Data Center,MI,ingham,24.0,yes,blocked_confirmed,2025-11-01,month,2026-04-06,decision_verified,156,1,
prj_86,internal,proposals_unopposed,Pavilion Township Data Center,MI,kalamazoo,,no,blocked_confirmed,2025-01-01,day,2026-03-13,decided_undated,436,0,
prj_87,internal,proposals_opposed,Sansone York Township Data Center,MI,washtenaw,1000.0,yes,pending,2025-12-01,month,2026-03-13,censored_pending,102,0,
prj_88,internal,proposals_opposed,Metrobloks Southfield Data Center,MI,oakland,100.0,yes,pending,2025-12-01,month,2026-03-13,censored_pending,102,0,
prj_89,internal,proposals_opposed,Clinton Amazon Data Center,MS,hinds,,yes,advanced_confirmed,2026-01-01,month,2026-04-30,decided_undated,119,0,
prj_90,internal,proposals_opposed,Ridgeland Amazon Data Center,MS,madison,,yes,pending,2026-04-01,month,2026-05-20,censored_pending,49,0,
prj_91,internal,proposals_opposed,Canton Amazon Data Center,MS,madison,,yes,advanced_confirmed,2024-01-01,day,2026-04-15,decided_undated,835,0,
prj_92,internal,proposals_opposed,Vicksburg Amazon Data Center,MS,warren,,yes,pending,2025-11-01,month,2026-04-15,censored_pending,165,0,
prj_93,internal,proposals_opposed,Project Taurus,MS,rankin,450.0,yes,pending,2025-08-01,month,2026-04-15,censored_pending,257,0,
prj_94,internal,proposals_opposed,Meridian Compass Data Center,MS,lauderdale,500.0,yes,advanced_confirmed,2025-01-01,month,2026-04-15,decided_undated,469,0,
prj_95,internal,proposals_opposed,Clarksdale Data Center,MS,coahoma,,yes,pending,2026-03-01,month,2026-04-15,censored_pending,45,0,
prj_96,internal,proposals_opposed,xAI MACROHARDRR,MS,desoto,,yes,advanced_confirmed,2026-01-01,month,2026-04-15,decided_undated,104,0,
prj_97,internal,proposals_opposed,Nebius Independence Hyperscale Campus,MO,jackson,800.0,yes,advanced_confirmed,2026-01-01,day,2026-05-20,decided_undated,139,0,
prj_98,internal,proposals_opposed,Project Green,MO,montgomery,,yes,advanced_confirmed,2026-01-01,month,2026-05-09,decided_undated,128,0,
prj_99,internal,proposals_unopposed,Project Spade,MO,montgomery,1200.0,no,advanced_confirmed,2025-11-01,month,2026-05-09,decided_undated,189,0,
prj_100,internal,proposals_opposed,Crusoe Warrenton AI Data Center,MO,warren,,yes,advanced_confirmed,2026-01-01,day,2026-05-21,decided_undated,140,0,
prj_101,internal,proposals_opposed,Wildwood Ranch AI Data Center,MO,jasper,200.0,yes,advanced_confirmed,2026-01-01,day,2026-05-09,decided_undated,128,0,
prj_104,internal,proposals_unopposed,Mo Lake Development Cross Creek Data Center,MO,camden,,no,blocked_confirmed,2026-01-01,day,2026-05-09,decided_undated,128,0,
prj_110,internal,proposals_opposed,Meramec Valley Technology Park,MO,franklin,,yes,pending,2026-01-01,day,2026-05-09,censored_pending,128,0,
prj_111,internal,proposals_opposed,Gateway Digital Campus,MO,franklin,,yes,advanced_confirmed,2026-01-01,day,2026-05-09,decided_undated,128,0,
prj_112,internal,proposals_unopposed,Meta Kansas City Data Center,MO,clay,,no,advanced_confirmed,2025-01-01,day,2026-05-09,decided_undated,493,0,
prj_113,internal,proposals_unopposed,Project Mica,MO,clay,700.0,no,advanced_confirmed,2026-02-01,month,2026-05-09,decided_undated,97,0,
prj_114,internal,proposals_opposed,Marshfield Webster Data Center,MO,webster,,yes,advanced_confirmed,2026-01-01,day,2026-05-09,decided_undated,128,0,
prj_115,internal,proposals_opposed,Project Cumulus,MO,st. charles,,yes,blocked_confirmed,2025-03-01,month,2025-08-18,decision_verified,170,1,
prj_117,internal,proposals_opposed,Princeton Nurseries Data Center,NJ,middlesex,,yes,pending,2025-01-01,day,2026-02-07,censored_pending,402,0,
prj_118,internal,proposals_opposed,Nutley Data Center,NJ,essex,,yes,pending,2025-01-01,day,2026-02-07,censored_pending,402,0,
prj_119,internal,proposals_opposed,New Brunswick Data Center,NJ,middlesex,,yes,blocked_confirmed,2025-01-01,day,2026-02-21,decided_undated,416,0,
prj_120,internal,proposals_opposed,East Greenwich Township Data Center,NJ,gloucester,,yes,blocked_confirmed,2026-03-01,month,2026-06-08,decision_verified,99,1,
prj_121,internal,proposals_opposed,CoreWeave Kenilworth,NJ,union,250.0,yes,advanced_confirmed,2025-01-01,day,2026-04-14,decided_undated,468,0,
prj_122,internal,proposals_opposed,Millville Energy & Data Center Campus,NJ,cumberland,,yes,blocked_confirmed,2026-05-01,month,2026-05-19,decision_verified,18,1,
prj_123,internal,proposals_opposed,Monroe Township Data Center,NJ,gloucester,,yes,blocked_confirmed,2026-03-01,month,2026-04-22,decision_verified,52,1,
prj_124,internal,proposals_opposed,STAMP Data Center,NY,genesee,500.0,yes,pending,2025-01-01,day,2026-07-14,censored_pending,559,0,
prj_125,internal,proposals_opposed,Cayuga Data Campus,NY,tompkins,138.0,yes,pending,2025-01-01,day,2026-02-09,censored_pending,404,0,
prj_126,internal,proposals_opposed,Lysander Data Center,NY,onondaga,300.0,yes,pending,2026-01-01,day,2026-04-01,censored_pending,90,0,
prj_128,internal,proposals_opposed,Oneonta West End Data Center,NY,otsego,,yes,pending,2025-01-01,day,2025-12-01,censored_pending,334,0,
prj_129,internal,proposals_unopposed,Brookhaven National Laboratory Data Center,NY,suffolk,,no,pending,2024-01-01,day,2026-04-22,censored_pending,842,0,
prj_130,internal,proposals_unopposed,Sugar Hill Portland Data Center,NY,chautauqua,,no,pending,2026-01-01,day,2026-05-05,censored_pending,124,0,
prj_131,internal,proposals_unopposed,Massena Petawatt Data Center Site Advertisement,NY,st. lawrence,200.0,no,pending,2026-01-01,day,2026-05-05,censored_pending,124,0,
prj_132,internal,proposals_unopposed,Ilion Data Center,NY,herkimer,,no,pending,2026-04-01,month,2026-05-05,censored_pending,34,0,
prj_133,internal,proposals_unopposed,Riverview Innovative and Technology Campus Data Center,NY,erie,,no,pending,2026-04-01,month,2026-05-20,censored_pending,49,0,
prj_134,internal,proposals_unopposed,Rural Hall Data Center,NC,forsyth,,no,pending,2026-03-01,month,2026-04-26,censored_pending,56,0,
prj_135,internal,proposals_unopposed,Person County Mega Park,NC,person,,no,pending,2024-10-01,month,2026-04-26,censored_pending,572,0,
prj_138,internal,proposals_unopposed,High Point Data Center,NC,guilford,,no,pending,2021-05-01,month,2023-03-30,censored_pending,698,0,
prj_143,internal,proposals_opposed,Statesville Data Center Campus,NC,iredell,,yes,advanced_confirmed,2025-01-01,day,2025-09-15,decision_verified,257,1,
prj_159,internal,proposals_opposed,Tract Mooresville Technology Park,NC,iredell,,yes,blocked_confirmed,2025-08-01,month,2025-08-13,decision_verified,12,1,
prj_160,internal,proposals_opposed,Project Accelerate,NC,mecklenburg,,yes,blocked_confirmed,2025-10-01,month,2025-10-07,decision_verified,6,1,
prj_161,internal,proposals_opposed,Kingsboro Data Center,NC,edgecombe,300.0,yes,pending,2025-09-01,month,2026-04-29,censored_pending,240,0,
prj_162,internal,proposals_unopposed,Vantage New Albany Data Center Campus,OH,licking,192.0,no,advanced_confirmed,2024-01-01,day,2026-02-19,decided_undated,780,0,
prj_163,internal,proposals_unopposed,AWS Innovation Campus / New Albany Data Center Campus,OH,licking,,no,advanced_confirmed,2024-11-01,month,2026-02-19,decided_undated,475,0,
prj_164,internal,proposals_unopposed,QTS New Albany Data Center Campus,OH,licking,78.0,no,advanced_confirmed,2024-11-01,month,2026-02-19,decided_undated,475,0,
prj_165,internal,proposals_opposed,AWS Hillard Campus,OH,franklin,401.0,yes,advanced_confirmed,2025-09-22,day,2026-02-20,decided_undated,151,0,
prj_166,internal,proposals_opposed,Project Mila / Trenton Industrial Park Data Center,OH,butler,,yes,pending,2025-01-01,day,2026-02-19,censored_pending,414,0,
prj_167,internal,proposals_opposed,Hamilton Data Center,OH,butler,240.0,yes,pending,2024-01-01,day,2026-02-19,censored_pending,780,0,
prj_168,internal,proposals_opposed,5C Springfield Data Center,OH,clark,150.0,yes,advanced_confirmed,2025-01-01,day,2026-02-19,decided_undated,414,0,
prj_169,internal,proposals_opposed,Ashville Data Center,OH,pickaway,,yes,pending,2025-01-01,day,2026-02-19,censored_pending,414,0,
prj_170,internal,proposals_opposed,Piqua Data Center,OH,miami,,yes,advanced_confirmed,2025-01-01,day,2026-02-19,decided_undated,414,0,
prj_171,internal,proposals_unopposed,Project Galaxy,OH,shelby,,no,advanced_confirmed,2025-01-01,day,2026-02-19,decided_undated,414,0,
prj_172,internal,proposals_opposed,Google Franklin Furnace Data Center,OH,scioto,,yes,pending,2025-01-01,day,2026-02-19,censored_pending,414,0,
prj_173,internal,proposals_opposed,Van Wert Mega Site,OH,van wert,500.0,yes,pending,2025-08-19,day,2026-02-20,censored_pending,185,0,
prj_174,internal,proposals_unopposed,Stargate Project - Lordstown AI Data Center Campus,OH,trumbull,,no,pending,2025-09-23,day,2026-02-20,censored_pending,150,0,
prj_175,internal,proposals_opposed,Lordstown Data Center,OH,trumbull county; mahoning,600.0,yes,pending,2025-11-01,month,2026-02-20,censored_pending,111,0,
prj_176,internal,proposals_opposed,Bitdeer Weathersfield Project,OH,trumbull,300.0,yes,pending,2025-10-14,day,2026-02-20,censored_pending,129,0,
prj_177,internal,proposals_unopposed,"Cipher Mining's ""Ulysses""",OH,union,200.0,no,pending,2025-12-01,month,2026-02-20,censored_pending,81,0,
prj_178,internal,proposals_unopposed,Google Lockbourne,OH,franklin,,no,advanced_confirmed,2021-01-01,day,2026-02-20,decided_undated,1876,0,
prj_179,internal,proposals_unopposed,Johnstown Cologix Data Center,OH,licking,800.0,no,advanced_confirmed,2025-10-01,month,2026-02-20,decided_undated,142,0,
prj_180,internal,proposals_opposed,Project Cosmos,OH,union,,yes,advanced_confirmed,2025-01-01,day,2026-03-27,decided_undated,450,0,
prj_181,internal,proposals_unopposed,Cologix Lewis Center Data Center,OH,delaware,120.0,no,advanced_confirmed,2025-06-14,day,2026-02-20,decided_undated,251,0,
prj_182,internal,proposals_opposed,Strata Expanse AI Center of Excellence,OH,lawrence,,yes,advanced_confirmed,2025-12-01,month,2026-02-21,decided_undated,82,0,
prj_183,internal,proposals_unopposed,Hannibal Data Center Campus,OH,monroe,300.0,no,pending,2020-01-09,day,2026-02-23,censored_pending,2237,0,
prj_184,internal,proposals_unopposed,Bitdeer Clarington Data Center,OH,monroe,,no,advanced_confirmed,2025-12-01,month,2026-02-21,decided_undated,82,0,
prj_185,internal,proposals_opposed,Meta Bowling Green Data Center,OH,wood,,yes,advanced_confirmed,2023-09-28,day,2026-03-05,decided_undated,889,0,
prj_187,internal,proposals_unopposed,Microsoft Heath Data Center,OH,licking,,no,advanced_confirmed,2024-01-01,day,2026-03-06,decided_undated,795,0,
prj_188,internal,proposals_unopposed,Microsoft Hebron Data Center,OH,licking,,no,advanced_confirmed,2024-01-01,day,2026-03-06,decided_undated,795,0,
prj_189,internal,proposals_unopposed,Microsoft New Albany Data Center,OH,licking,,no,advanced_confirmed,2023-09-28,day,2026-03-06,decided_undated,890,0,
prj_190,internal,proposals_opposed,Urbana Data Center,OH,champaign,,yes,pending,2026-02-01,month,2026-03-08,censored_pending,35,0,
prj_191,internal,proposals_unopposed,Akron Data Center Expansion,OH,fulton,,no,advanced_confirmed,2026-03-01,month,2026-03-08,decided_undated,7,0,
prj_192,internal,proposals_opposed,AWS Wilmington Data Center,OH,clinton,,yes,pending,2026-03-01,month,2026-03-26,censored_pending,25,0,
prj_193,internal,proposals_opposed,Mt. Orab Mega Site,OH,brown,,yes,pending,2024-12-01,month,2026-03-26,censored_pending,480,0,
prj_194,internal,proposals_unopposed,J.M. Stuart Revitilization Project,OH,adams,650.0,no,pending,2026-02-01,month,2026-03-27,censored_pending,54,0,
prj_195,internal,proposals_opposed,Killen Revitilization Project,OH,adams,650.0,yes,pending,2026-02-01,month,2026-03-27,censored_pending,54,0,
prj_196,internal,proposals_opposed,Marysville South Data Center,OH,union,800.0,yes,pending,2025-11-01,month,2026-03-27,censored_pending,146,0,
prj_197,internal,proposals_opposed,Buck Canyon Properties Data Center,OH,adams,1300.0,yes,pending,2026-02-01,month,2026-03-27,censored_pending,54,0,
prj_198,internal,proposals_unopposed,PORTS Technology Center,OH,pike,10000.0,no,advanced_confirmed,2026-03-01,month,2026-04-25,decided_undated,55,0,
prj_199,internal,proposals_opposed,Project BOSC,OH,allen,,yes,pending,2025-01-01,day,2026-04-25,censored_pending,479,0,
prj_200,internal,proposals_opposed,Perry Township Data Center,OH,stark,240.0,yes,pending,2026-03-01,month,2026-04-26,censored_pending,56,0,
prj_201,internal,proposals_unopposed,Morabito Slavic Village Data Center,OH,cuyahoga,,no,blocked_confirmed,2026-05-01,month,2026-05-15,decided_undated,14,0,
prj_202,internal,proposals_unopposed,AWS Salem Township Data Center,PA,luzerne,1920.0,no,advanced_confirmed,2025-01-01,day,2026-06-16,decided_undated,531,0,
prj_203,internal,proposals_opposed,Project Hazelnut,PA,luzerne,,yes,blocked_confirmed,2025-05-01,month,2025-11-18,decision_verified,201,1,
prj_204,internal,proposals_unopposed,Wildcat Ridge AI Data Center,PA,lackawanna,1600.0,no,pending,2025-01-01,month,2026-07-14,censored_pending,559,0,
prj_205,internal,proposals_unopposed,Project Gravity,PA,lackawanna,,no,pending,2025-04-01,month,2026-07-14,censored_pending,469,0,
prj_206,internal,proposals_opposed,Blakely AI Data Center,PA,lackawanna,400.0,yes,blocked_confirmed,2025-08-01,month,2025-09-12,decision_verified,42,1,
prj_208,internal,proposals_unopposed,Jessup Breaker Street Data Center,PA,lackawanna,600.0,no,pending,2025-06-01,month,2026-07-14,censored_pending,408,0,
prj_209,internal,proposals_opposed,Project Gold,PA,lackawanna,1500.0,yes,pending,2025-07-01,month,2026-04-08,censored_pending,281,0,
prj_210,internal,proposals_opposed,East Whiteland Township Data Center,PA,chester,,yes,pending,2023-01-01,month,2026-04-19,censored_pending,1204,0,
prj_211,internal,proposals_unopposed,QTS Salem Data Center,PA,luzerne,,no,pending,2025-07-01,month,2026-03-20,censored_pending,262,0,
prj_213,internal,proposals_opposed,CoreWeave Lancaster AI Campuses,PA,lancaster,300.0,yes,advanced_confirmed,2025-07-01,month,2026-01-17,decided_undated,200,0,
prj_214,internal,proposals_unopposed,Allentown Warehouse Conversion Data Center,PA,lehigh,,no,pending,2026-05-01,month,2026-06-15,censored_pending,45,0,
prj_215,internal,proposals_opposed,PAX – Pennsylvania Digital I,PA,cumberland,1350.0,yes,advanced_confirmed,2025-07-01,month,2026-04-06,decided_undated,279,0,
prj_217,internal,proposals_unopposed,Springdale AI Data Center Redevelopment,PA,allegheny,180.0,no,advanced_confirmed,2025-08-01,month,2026-04-13,decided_undated,255,0,
prj_218,internal,proposals_unopposed,Homer City Energy + AI Campus,PA,indiana,4500.0,no,advanced_confirmed,2025-08-01,month,2026-03-29,decided_undated,240,0,
prj_219,internal,proposals_opposed,Panther Creek (Nesquehoning) HPC/AI Conversion,PA,carbon,350.0,yes,advanced_confirmed,2025-08-01,month,2026-03-29,decided_undated,240,0,
prj_220,internal,proposals_unopposed,Fairview Crossroads Data Center,PA,york,,no,pending,2025-07-01,month,2026-03-22,censored_pending,264,0,
prj_221,internal,proposals_unopposed,Dauphin Highlands Golf Course sold for Data Center,PA,dauphin,,no,pending,2025-08-01,month,2026-04-28,censored_pending,270,0,
prj_222,internal,proposals_opposed,Hollenback Township Data Center Development Zoning Application,PA,luzerne,,yes,pending,2026-01-01,month,2026-03-02,censored_pending,60,0,
prj_223,internal,proposals_unopposed,Jessup Sunnyside Data Center,PA,lackawanna,,no,advanced_confirmed,2025-09-01,month,2026-07-14,decided_undated,316,0,
prj_225,internal,proposals_unopposed,Project Hummingbird,PA,greene,910.0,no,pending,2025-10-01,month,2026-03-30,censored_pending,180,0,
prj_226,internal,proposals_opposed,Zediker Station Data Center,PA,washington,,yes,pending,2025-10-01,month,2026-03-22,censored_pending,172,0,
prj_227,internal,proposals_opposed,Archbald I LLC Data Center Campuses,PA,lackawanna,,yes,blocked_confirmed,2025-10-01,month,2026-03-27,decision_verified,177,1,
prj_228,internal,proposals_opposed,Former Air Products Headquarters Data Center,PA,lehigh,,yes,blocked_confirmed,2025-11-01,month,2026-05-27,decision_verified,207,1,
prj_229,internal,proposals_opposed,Pennhurst Data Center,PA,chester,,yes,blocked_confirmed,2025-10-01,month,2026-05-21,decision_verified,232,1,
prj_230,internal,proposals_unopposed,Conshohocken Data Center,PA,bucks,,no,pending,2025-10-01,month,2026-05-09,censored_pending,220,0,
prj_231,internal,proposals_unopposed,Storage Data Center Project,PA,tioga,,no,pending,2025-11-01,month,2025-12-16,censored_pending,45,0,
prj_232,internal,proposals_opposed,Dickson City Data Centers,PA,lackawanna,,yes,blocked_confirmed,2025-11-01,month,2026-05-22,decided_undated,202,0,
prj_233,internal,proposals_unopposed,West Hazleton Data Center,PA,luzerne,,no,pending,2025-09-01,month,2025-12-22,censored_pending,112,0,
prj_234,internal,proposals_unopposed,Sugarloaf Township Data Center,PA,luzerne,,no,pending,2025-07-01,month,2026-04-22,censored_pending,295,0,
prj_235,internal,proposals_opposed,Linfield Data Center,PA,montgomery,,yes,pending,2026-01-01,month,2026-04-19,censored_pending,108,0,
prj_237,internal,proposals_opposed,Ransom Township Data Center,PA,lackawanna,,yes,blocked_confirmed,2025-12-01,month,2026-01-20,decision_verified,50,1,
prj_238,internal,proposals_opposed,Atlas Industrial / South Whitehall Township Hyperscale Data Center Campus,PA,lehigh,,yes,pending,2025-12-01,month,2026-04-22,censored_pending,142,0,
prj_239,internal,proposals_unopposed,Smithfield Gateway Project,PA,monroe,,no,pending,2025-11-01,month,2026-01-02,censored_pending,62,0,
prj_240,internal,proposals_opposed,Project Phoenix,PA,beaver,3600.0,yes,advanced_confirmed,2025-07-01,month,2026-04-22,decided_undated,295,0,
prj_242,internal,proposals_unopposed,Limerick / Project Laurel Data Center,PA,montgomery,750.0,no,pending,2026-01-01,month,2026-05-07,censored_pending,126,0,
prj_243,internal,proposals_unopposed,Peach Bottom Data Center,PA,york,,no,pending,2025-07-01,month,2026-03-20,censored_pending,262,0,
prj_244,internal,proposals_opposed,NorthPoint Spring Mountain Data Center,PA,carbon,,yes,pending,2025-08-01,month,2026-04-15,censored_pending,257,0,
prj_245,internal,proposals_opposed,Penn Forest Township Data Center,PA,carbon,,yes,pending,2025-12-01,month,2026-03-04,censored_pending,93,0,
prj_246,internal,proposals_opposed,Tobyhanna Township / Blakeslee Data Center,PA,monroe,,yes,pending,2025-12-01,month,2026-01-18,censored_pending,48,0,
prj_247,internal,proposals_opposed,Talen Energy Rezone Request for Possible Data Center in Montour County,PA,montour,,yes,blocked_confirmed,2025-01-01,day,2026-02-10,decision_verified,405,1,
prj_249,internal,proposals_opposed,Dorrance Township Data Center Zoning Ordinance Challenge,PA,luzerne,,yes,pending,2025-01-01,day,2026-01-30,censored_pending,394,0,
prj_250,internal,proposals_unopposed,Project Green Mountain,PA,lackawanna,,no,pending,2026-01-01,month,2026-07-14,censored_pending,194,0,
prj_251,internal,proposals_unopposed,East Manchester Farmland to Data Center Initiative Interest,PA,york,,no,pending,2025-12-01,month,2026-04-11,censored_pending,131,0,
prj_252,internal,proposals_opposed,Conewago Township Data Center Land Considerations,PA,york,,yes,pending,2025-10-01,month,2026-04-13,censored_pending,194,0,
prj_253,internal,proposals_unopposed,Briar Creek Township Data Center Zoning Overlay,PA,columbia,,no,pending,2026-02-01,month,2026-04-28,censored_pending,86,0,
prj_254,internal,proposals_unopposed,South Hanover Township Data Center,PA,dauphin,,no,pending,2025-02-01,month,2026-06-24,censored_pending,508,0,
prj_256,internal,proposals_opposed,Sellersville / West Rockhill Township Data Center,PA,bucks,,yes,pending,2026-02-01,month,2026-04-18,censored_pending,76,0,
prj_257,internal,proposals_unopposed,Iron City No. 1 Power Generator and Compute Center,PA,clearfield,,no,pending,2026-02-01,month,2026-03-17,censored_pending,44,0,
prj_258,internal,proposals_opposed,North Coventry Township Data Center,PA,chester,,yes,blocked_confirmed,2026-02-01,month,2026-02-23,decision_verified,22,1,
prj_259,internal,proposals_unopposed,Prologis Warehouse Data Center,PA,northampton,,no,pending,2026-03-01,month,2026-03-27,censored_pending,26,0,
prj_260,internal,proposals_opposed,Switch Data Center at Former Pitt Race Complex,PA,beaver,,yes,pending,2025-08-01,month,2026-07-01,censored_pending,334,0,
prj_261,internal,proposals_opposed,Allenwood Data Center,PA,union,300.0,yes,pending,2026-03-01,month,2026-06-10,censored_pending,101,0,
prj_263,internal,proposals_opposed,Starpointe Data Center Project,PA,washington,,yes,pending,2026-01-01,day,2029-03-30,censored_pending,1184,0,
prj_264,internal,proposals_opposed,Champion Data Center Project,PA,washington,300.0,yes,pending,2026-01-01,day,2032-03-30,censored_pending,2280,0,
prj_265,internal,proposals_opposed,South Annville Township Data Center,PA,lebanon,,yes,blocked_confirmed,2026-04-01,month,2026-05-12,decision_verified,41,1,
prj_266,internal,proposals_unopposed,Newton Township Data Center,PA,lackawanna,,no,blocked_confirmed,2026-02-01,month,2026-04-10,decided_undated,68,0,
prj_267,internal,proposals_opposed,New Castle Data Center,PA,schuylkill,,yes,pending,2025-01-01,day,2026-04-15,censored_pending,469,0,
prj_268,internal,proposals_opposed,Watts Township Data Center,PA,perry,,yes,pending,2026-03-01,month,2026-05-09,censored_pending,69,0,
prj_269,internal,proposals_opposed,Project Triboro,PA,lackawanna,,yes,pending,2026-04-01,month,2026-06-22,censored_pending,82,0,
prj_270,internal,proposals_unopposed,Linde Clinton Data Center,PA,wayne,,no,pending,2026-04-01,month,2026-04-30,censored_pending,29,0,
prj_271,internal,proposals_unopposed,East Brandywine Data Center,PA,chester,,no,pending,2026-05-01,month,2026-05-14,censored_pending,13,0,
prj_272,internal,proposals_unopposed,Renaissance Boulevard Data Center Campus,PA,montgomery,,no,pending,2026-03-01,month,2026-05-20,censored_pending,80,0,
prj_273,internal,proposals_unopposed,600 River Road Data Center,PA,montgomery,,no,pending,2026-05-01,month,2026-05-20,censored_pending,19,0,
prj_274,internal,proposals_unopposed,3200 Horizon Drive Data Center,PA,montgomery,,no,pending,2026-05-01,month,2026-05-20,censored_pending,19,0,
prj_275,internal,proposals_opposed,Smithfield Data Center,RI,providence,,yes,pending,2026-04-01,month,2026-04-25,censored_pending,24,0,
prj_276,internal,proposals_opposed,Colossus,TN,shelby,150.0,yes,advanced_confirmed,2024-01-01,day,2026-03-28,decided_undated,817,0,
prj_277,internal,proposals_opposed,Colossus 2,TN,shelby,422.0,yes,advanced_confirmed,2025-01-01,day,2026-03-28,decided_undated,451,0,
prj_278,internal,proposals_unopposed,ExoticRidge Bitcoin Mine,TN,hawkins,8.0,no,pending,2025-01-01,day,2026-04-14,censored_pending,468,0,
prj_279,internal,proposals_unopposed,CleanSpark Mountain City Bitcoin Mine,TN,johnson,30.0,no,blocked_confirmed,2025-01-01,day,2026-04-26,decided_undated,480,0,
prj_282,internal,proposals_opposed,RadiusDC Nashville I / Trinity Hills Colocation Data Center,TN,davidson,12.0,yes,advanced_confirmed,2025-09-01,month,2026-03-20,decided_undated,200,0,
prj_284,internal,proposals_unopposed,Lawrenceburg / Ethridge Data Center,TN,lawrence,,no,pending,2025-11-01,month,2026-04-27,censored_pending,177,0,
prj_285,internal,proposals_opposed,Ridgeline Facility,WV,tucker,,yes,pending,2025-08-01,month,2026-02-04,censored_pending,187,0,
prj_286,internal,proposals_opposed,"Adams Fork Harless Data Center Energy Campus, Holden",WV,logan,2500.0,yes,pending,2024-01-01,day,2026-02-04,censored_pending,765,0,
prj_287,internal,proposals_unopposed,"Adams Fork Data Center Energy Campus, Wharncliffe",WV,mingo,,no,pending,2025-01-01,day,2026-02-04,censored_pending,399,0,
prj_288,internal,proposals_unopposed,Monarch Compute Campus and Mountaineer Gigasystem,WV,mason,2000.0,no,pending,2025-01-01,day,2026-02-04,censored_pending,399,0,
prj_289,internal,proposals_unopposed,QTS Kearneysville Data Center Complex,WV,jefferson county; berkeley,,no,pending,2025-01-01,day,2026-02-04,censored_pending,399,0,
prj_290,internal,proposals_opposed,Penzance Intelligence Center,WV,berkeley,600.0,yes,pending,2026-02-01,month,2026-02-27,censored_pending,26,0,
prj_291,internal,proposals_unopposed,Google Buffalo Data Center,WV,putnam,,no,pending,2026-03-01,month,2026-03-27,censored_pending,26,0,
prj_292,internal,proposals_unopposed,Appalachian Mega Site / Hog Lick Data Center,WV,marion,200.0,no,pending,2025-01-01,day,2026-05-01,censored_pending,485,0,
prj_293,internal,proposals_unopposed,Quakertown Data Center Park,PA,bucks,1000.0,no,pending,2026-05-01,month,2026-05-23,censored_pending,22,0,
prj_294,internal,proposals_unopposed,Cumru Titus Data Center,PA,berks,200.0,no,pending,2026-05-01,month,2026-05-23,censored_pending,22,0,
prj_295,internal,proposals_unopposed,Nottingham Data Center,NH,rockingham,,no,blocked_confirmed,2026-05-01,month,2026-06-03,decided_undated,33,0,
prj_296,internal,proposals_unopposed,Andover Data Center,NJ,sussex,,no,pending,2026-05-01,month,2026-05-23,censored_pending,22,0,
prj_297,internal,proposals_opposed,Jailhouse Studios,TN,hamilton,,yes,advanced_confirmed,2026-03-01,month,2026-05-23,decided_undated,83,0,
prj_298,internal,proposals_opposed,Maysville Data Center,KY,mason,2200.0,yes,advanced_confirmed,2025-08-01,month,2026-05-22,decision_verified,294,1,
prj_299,internal,proposals_unopposed,Albany Kenwood Data Center,NY,albany,,no,pending,2026-05-01,month,2026-06-03,censored_pending,33,0,
prj_300,internal,proposals_opposed,Microsoft La Porte Data Center,IN,laporte,,yes,advanced_confirmed,2024-01-01,day,2026-06-03,decided_undated,884,0,
prj_301,internal,proposals_unopposed,JPG Data Center,IN,jefferson,,no,advanced_confirmed,2026-02-01,month,2026-06-03,decided_undated,122,0,
prj_302,internal,proposals_unopposed,Amazon Wheatfield,IN,jasper,,no,pending,2026-06-01,month,2026-06-03,censored_pending,2,0,
prj_303,internal,proposals_opposed,Granville Data Center,PA,mifflin,,yes,pending,2026-05-01,month,2026-06-03,censored_pending,33,0,
prj_304,internal,proposals_opposed,DartPoints Former Lexmark Data Center Redevelopment,KY,fayette,,yes,pending,2026-03-01,month,2026-06-04,censored_pending,95,0,
prj_305,internal,proposals_opposed,Nashville DC Blox Data Center,TN,davidson,,yes,pending,2026-05-01,month,2026-06-05,censored_pending,35,0,
prj_306,internal,proposals_opposed,Muskie Data Campus,KY,carter,,yes,pending,2026-05-01,month,2026-06-05,censored_pending,35,0,
prj_307,internal,proposals_unopposed,Muncy Data Center,PA,lycoming,,no,pending,2026-04-01,month,2026-06-10,censored_pending,70,0,
prj_308,internal,proposals_opposed,Gemini Sioux Falls Data Center,SD,minnehaha,500.0,yes,advanced_confirmed,2025-01-01,day,2026-06-10,decided_undated,525,0,
prj_309,internal,proposals_unopposed,Sequitor Edge Rapid City,SD,pennington,10.0,no,pending,2026-02-01,month,2026-06-10,censored_pending,129,0,
prj_310,internal,proposals_opposed,Polaris Forge 1,ND,dickey,400.0,yes,advanced_confirmed,2022-09-01,month,2026-06-10,decided_undated,1378,0,
prj_311,internal,proposals_opposed,Polaris Forge 2,ND,cass,1000.0,yes,advanced_confirmed,2025-08-01,month,2026-06-10,decided_undated,313,0,
prj_312,internal,proposals_opposed,Applied Digital Oliver County,ND,oliver,430.0,yes,pending,2026-02-01,month,2026-06-10,censored_pending,129,0,
prj_313,internal,proposals_unopposed,River Run Energy Center,ND,mercer,1450.0,no,pending,2025-12-01,month,2026-06-10,censored_pending,191,0,
prj_314,internal,proposals_unopposed,Project Fighting Pike,ND,williams,455.0,no,advanced_confirmed,2025-03-01,month,2026-06-10,decided_undated,466,0,
prj_315,internal,proposals_unopposed,Atlas Power Williston,ND,williams,700.0,no,advanced_confirmed,2022-01-01,day,2026-06-10,decided_undated,1621,0,
prj_316,internal,proposals_opposed,4-3 Salem Township Data Center,PA,luzerne,3500.0,yes,pending,2026-06-01,month,2026-06-15,censored_pending,14,0,
prj_317,internal,proposals_opposed,Holyoke Data Center,MA,hampden,20.0,yes,pending,2026-06-01,month,2026-06-16,censored_pending,15,0,
prj_318,internal,proposals_opposed,Project Domino,IN,boone,1000.0,yes,advanced_confirmed,2024-11-01,month,2026-06-18,decided_undated,594,0,
prj_319,internal,proposals_unopposed,Gravel Pike Data Center,PA,montgomery,,no,pending,2026-06-01,month,2026-06-20,censored_pending,19,0,
prj_320,internal,proposals_unopposed,Sharon Keel Infrastructure Data Center Expansion,PA,mercer,110.0,no,advanced_confirmed,2026-04-01,month,2026-06-23,decided_undated,83,0,
prj_321,internal,proposals_opposed,PNK Valley View Data Center,PA,lackawanna,,yes,pending,2026-07-01,month,2026-07-16,censored_pending,15,0,
prj_321,internal,proposals_opposed,Harper Road Technology Park,MO,cass,,yes,pending,2024-10-01,day,2026-07-10,censored_pending,647,0,
prj_323,internal,proposals_opposed,Meta Hyperion,LA,richland,,yes,advanced_confirmed,2024-12-01,day,2026-07-10,decided_undated,586,0,
prj_324,internal,proposals_opposed,Prado AI Industrial Campus,MS,madison,,yes,pending,2026-03-02,day,2026-07-10,censored_pending,130,0,
prj_326,internal,proposals_unopposed,Project Maize / Google Michigan City Data Center,IN,laporte,,no,advanced_confirmed,2025-01-01,day,2026-07-10,decided_undated,555,0,
prj_327,internal,proposals_opposed,Meta Project Everest,LA,richland,,yes,pending,2026-03-25,day,2026-07-10,censored_pending,107,0,
prj_328,internal,proposals_unopposed,Terra Nexus Custer Avenue Data Center,NC,cumberland,200.0,no,pending,2025-10-01,day,2026-07-10,censored_pending,282,0,
prj_329,internal,proposals_opposed,PRSM Group Cumberland County Data Center,NC,cumberland,225.0,yes,pending,2026-05-18,day,2026-07-10,censored_pending,53,0,
prj_330,internal,proposals_opposed,Project Sail Data Center,GA,coweta,900.0,yes,advanced_confirmed,2024-12-01,month,2026-04-07,decision_verified,492,1,
prj_331,internal,proposals_opposed,Howell Township Data Center (Project Splitrock),MI,livingston,,yes,blocked_confirmed,2025-09-01,month,2025-12-08,decision_verified,98,1,
prj_332,internal,proposals_opposed,Natelli Vance County Data Center,NC,vance,,yes,advanced_confirmed,2026-02-01,month,2026-04-20,decision_verified,78,1,
