project_id,project_name,state,county,phase,lifecycle_outcome,decided,announced_date,announced_precision,decision_date,decision_date_source,source_url,days_announced_to_decision,last_status_update,capacity_mw,capacity_source,size_acres,n_opposition_events,first_opposition_date,last_opposition_date,opposition_span_days,days_announced_to_first_opposition,opposition_types,n_opposition_groups,has_lawsuit
prj_1,Project Nebius,AL,jefferson,proposed,pending,no,2026-01-01,month,,,,,2026-04-22,300,proposals,75,1,2026-03-03,2026-03-03,0,,moratorium,8,no
prj_2,Project Marvel,AL,jefferson,proposed,pending,no,2025-01-01,year,,,,,2026-04-15,1.2,proposals,1600,2,2026-04-21,2026-07-13,83,,lawsuit; zoning_restriction,7,yes
prj_3,Meta Platforms Montgomery Data Center,AL,montgomery,construction,advanced_confirmed,yes,2024-05-01,month,,,,,2026-04-15,227,proposals,1453,1,2026-03-11,2026-03-11,0,,legislation,1,no
prj_4,DC BLOX Montgomery,AL,montgomery,preliminary,pending,no,2024-11-01,month,,,,,2026-05-02,40,proposals,27,0,,,,,,0,no
prj_5,DC BLOX Birmingham,AL,jefferson,expansion,advanced_confirmed,yes,2026-01-01,year,,,,,2026-05-02,40,proposals,12,1,2026-05-25,2026-05-25,0,,lawsuit,0,yes
prj_6,AUBix + Core Scientific Data Center,AL,lee,expansion,advanced_confirmed,yes,2025-01-01,year,,,,,2026-04-15,16,proposals,,0,,,,,,0,no
prj_7,Childersburg Data Center,AL,talladega,preliminary,pending,no,2025-01-01,year,,,,,2026-04-22,500,opposition_events,,1,2026-01-23,2026-01-23,0,,public_comment,2,no
prj_8,Tallassee Mill Data Center,AL,elmore,preliminary,pending,no,2026-04-01,month,,,,,2026-04-30,10,proposals,,0,,,,,,0,no
prj_9,Project Red Clay,AL,lowndes,proposed,pending,no,2026-04-01,month,,,,,2026-05-05,,,800,0,,,,,,0,no
prj_10,Edged Energy Prichard Data Center,AL,mobile,proposed,pending,no,2026-04-01,month,,,,,2026-05-05,,,,0,,,,,,0,no
prj_11,Columbiana Mining Facility and Data Center,AL,shelby,construction,advanced_confirmed,yes,2022-01-01,year,,,,,2026-05-05,55,proposals,,1,2026-02-17,2026-02-17,0,,zoning_restriction,1,no
prj_12,Project Leo,AR,pulaski,proposed,pending,no,2026-01-01,month,,,,,2026-03-21,1000,proposals,760,3,2025-06-01,2026-05-26,359,,moratorium; public_comment; zoning_restriction,2,no
prj_13,Project Pyramid,AR,crittenden,approved,advanced_confirmed,yes,2025-10-01,month,,,,,2026-03-21,600,opposition_events,580,1,2025-10-01,2025-10-01,0,,public_comment,2,no
prj_14,Clarksville Data Center,AR,johnson,approved,advanced_confirmed,yes,2025-01-01,year,,,,,2026-04-11,318,opposition_events,135,1,2025-11-25,2025-11-25,0,,public_comment,1,no
prj_15,Port of Little Rock Data Center,AR,pulaski,proposed,pending,no,2026-03-01,month,,,,,2026-04-11,100,proposals,32.82828283,2,2026-04-06,2026-06-03,58,,ordinance; public_comment; zoning_restriction,0,no
prj_16,Vilonia Cryptomine,AR,faulkner,withdrawn,blocked_confirmed,yes,,,,,,,2026-04-11,,,,0,,,,,,0,no
prj_17,Millstone Nuclear Power Station Data Center,CT,new london,proposed,pending,no,2024-01-01,year,,,,,2026-02-09,300,proposals,34.435,2,2022-06-15,2024-01-09,573,,moratorium; zoning_restriction,3,no
prj_18,Wallingford Data Center,CT,new haven,preliminary,pending,no,2024-01-01,year,,,,,,,,,0,,,,,,0,no
prj_19,Bloomfield Data Center Proposal,CT,hartford,proposed,pending,no,2025-01-01,year,,,,,2026-02-09,,,,0,,,,,,0,no
prj_20,Trumbull Data Center Investment,CT,fairfield,proposed,pending,no,2025-01-01,year,,,,,2026-04-12,,,,0,,,,,,0,no
prj_21,Bristol Data Center,CT,hartford,proposed,pending,no,2023-01-01,year,,,,,2026-04-25,,,,0,,,,,,0,no
prj_22,Project Washington,DE,new castle,delayed,pending,no,2025-06-01,month,,,,,2026-04-11,1200,proposals,580,2,2026-02-04,2026-03-26,50,,zoning_restriction,4,no
prj_23,"St. Georges Business Park Data Center Development  / ""Frightland Project""",DE,new castle,proposed,pending,no,2025-11-01,month,,,,,2026-02-06,,,1500,0,,,,,,0,no
prj_24,White Clay Creek Business Park Data Center Redevelopment,DE,new castle,proposed,pending,no,2026-01-01,year,,,,,2026-02-06,,,4.08,0,,,,,,0,no
prj_25,Project Zodiac,IN,allen,construction,advanced_confirmed,yes,2023-12-19,day,,,,,2026-03-07,,,855,1,2023-10-01,2023-10-01,0,-79,public_comment,1,no
prj_26,Bristol Data Center,IN,elkhart,preliminary,pending,no,2026-03-01,month,,,,,2026-03-08,,,,0,,,,,,0,no
prj_27,Granger Data Center,IN,st. joseph,proposed,pending,no,2025-05-01,month,,,,,2026-03-08,1000,proposals,900,0,,,,,,0,no
prj_28,South Bend Data Center,IN,st. joseph,preliminary,pending,no,2025-12-01,month,,,,,2026-03-08,,,300,0,,,,,,0,no
prj_29,Decennial Group Akron Data Center,IN,fulton,proposed,pending,no,2026-02-01,month,,,,,2026-03-09,500,proposals,300,1,2026-03-03,2026-03-03,0,,moratorium,2,no
prj_30,Project Rainier,IN,st. joseph,construction,advanced_confirmed,yes,2024-12-01,month,,,,,2026-03-17,2400,proposals,850,1,2026-07-08,2026-07-08,0,,public_comment,0,no
prj_31,Martindale Indianapolis Metrobloks Data Center,IN,marlon,proposed,pending,no,,,,,,,2026-04-06,72,proposals,14,3,2026-02-12,2026-05-12,89,,lawsuit; zoning_restriction,4,yes
prj_32,Surge Development Knightstown Data Center,IN,henry,approved,advanced_confirmed,yes,2025-10-01,month,2026-01-28,"Henry County Commissioners 2-1 PUD approval vote, date stated in sourced tracker record",https://indianapublicradio.org/news/2026/01/henry-county-data-center,119,2026-04-06,,,585,1,2026-01-28,2026-01-28,0,,public_comment,1,no
prj_33,Decatur Technology Park,IN,marion,proposed,pending,no,,,,,,,2026-04-06,250,proposals,130,1,2026-04-20,2026-04-20,0,,lawsuit,3,yes
prj_34,Project Louie,IN,morgan,construction,advanced_confirmed,yes,,,,,,,2026-04-06,1200,opposition_events,628,1,2025-07-01,2025-07-01,0,,lawsuit,3,yes
prj_35,Hancock County MegaSite,IN,hancock,withdrawn,blocked_confirmed,yes,2025-04-01,month,2025-05-13,"Withdrawal notice to Plan Commission, county release; web-verified (WISH/WTHR/Daily Reporter 2025-05-13/14)",https://www.wishtv.com/news/politics/rezoning-proposal-withdrawn-for-data-center-in-hancock-county/,42,2026-04-06,,,775,2,2025-06-01,2026-03-29,301,,legislation; zoning_restriction,1,no
prj_36,Project Flo,IN,marion,withdrawn,blocked_confirmed,yes,2025-03-01,month,2025-09-22,"Google withdrawal, date stated in sourced tracker record",https://mirrorindy.org/google-behind-proposed-indianapolis-data-center-project/,205,2026-04-06,400,opposition_events,,1,2025-09-22,2025-09-22,0,,project_withdrawal,2,no
prj_37,Pittsboro Middle Township Data Center,IN,hendricks,delayed,pending,no,2025-02-01,month,,,,,2026-04-06,,,,0,,,,,,0,no
prj_38,Pike Township Data Center,IN,marion,withdrawn,blocked_confirmed,yes,,,,,,,2026-04-07,4,opposition_events,,1,2026-02-02,2026-02-02,0,,zoning_restriction,2,no
prj_39,Project Maize,IN,la porte,construction,advanced_confirmed,yes,2025-06-01,month,,,,,2026-04-07,,,70,0,,,,,,0,no
prj_40,Hobart Tech Park,IN,lake,approved,advanced_confirmed,yes,2025-01-01,year,,,,,2026-05-20,,,725,2,2025-10-01,2025-11-01,31,,public_comment,2,no
prj_41,Tract Project West,IA,warren,proposed,pending,no,2025-02-01,month,,,,,2026-04-15,,,,0,,,,,,0,no
prj_42,Google Cedar Rapids,IA,linn,approved,advanced_confirmed,yes,2024-03-01,month,2025-01-31,Cedar Rapids City Council granted the development approvals for the Google (Big Cedar Industrial Center) data center at the end of January 2025; date set to month-end 2025-01-31 (day precision not established in sources — treat as month precision),https://www.datacenterfrontier.com/site-selection/article/55268088/cedar-rapids-iowa-gets-approval-for-two-major-data-center-investments-by-google-and-qts,336,2026-04-15,565,opposition_events,,2,2026-03-01,2026-06-15,106,,zoning_restriction,2,no
prj_43,QTS Cedar Rapids,IA,linn,approved,advanced_confirmed,yes,2025-01-01,month,,,,,2026-04-15,,,,0,,,,,,0,no
prj_44,Meta Davenport Data Center,IA,scott,approved,advanced_confirmed,yes,2024-05-01,month,,,,,2026-04-15,,,,1,2024-05-01,2024-05-01,0,,public_comment,1,no
prj_45,Project Ruthenium,IA,madison,proposed,pending,no,2023-11-01,month,,,,,2026-04-15,,,103,0,,,,,,0,no
prj_46,Applied Digital Adair,IA,adair,proposed,pending,no,2024-04-01,month,,,,,2026-04-15,200,proposals,,1,2024-04-24,2024-04-24,0,,zoning_restriction,1,no
prj_47,Edged Energy Des Moines,IA,polk,construction,advanced_confirmed,yes,2025-03-01,month,,,,,2026-04-15,13,proposals,17.5,0,,,,,,0,no
prj_48,Project Morgan,IA,dallas,expansion,advanced_confirmed,yes,2017-08-01,month,,,,,2026-04-15,,,2000,0,,,,,,0,no
prj_49,Google Council Bluffs,IA,pottawattamie,expansion,advanced_confirmed,yes,2024-01-01,year,,,,,2026-04-15,,,,0,,,,,,0,no
prj_50,Tract Altoona,IA,polk,proposed,pending,no,2025-04-01,month,,,,,2026-06-01,,,453,0,,,,,,0,no
prj_51,COPT Defense Properties Data Center,IA,dallas,proposed,pending,no,2024-10-01,month,,,,,2026-04-15,1000,proposals,365,0,,,,,,0,no
prj_52,Project Alluvion,IA,polk,operational,advanced_confirmed,yes,2014-01-01,year,,,,,2026-04-15,,,,0,,,,,,0,no
prj_53,Project Ginger West,IA,dallas,construction,advanced_confirmed,yes,2021-01-01,year,,,,,2026-04-15,,,,0,,,,,,0,no
prj_54,Project Ginger East,IA,polk,construction,advanced_confirmed,yes,2022-01-01,year,,,,,2026-04-15,,,,0,,,,,,0,no
prj_55,Project Osmium,IA,warren,operational,advanced_confirmed,yes,2016-01-01,year,,,,,2026-04-15,,,200,0,,,,,,0,no
prj_56,PowerHouse Louisville,KY,jefferson,construction,advanced_confirmed,yes,2025-01-01,year,,,,,2026-02-09,525,proposals,154,3,2025-09-11,2026-05-11,242,,moratorium; public_comment,4,no
prj_57,Project Lincoln,KY,oldham,proposed,pending,no,2025-03-01,month,,,,,2026-03-01,600,opposition_events,267,3,2025-06-02,2026-07-01,394,,moratorium,1,no
prj_58,Franklin–Simpson Data Storage and Service Center,KY,simpson,proposed,pending,no,2025-01-01,year,,,,,2026-02-09,,,200,2,2026-01-28,2026-04-14,76,,lawsuit,6,yes
prj_59,Harrodsburg Data Center,KY,mercer,preliminary,pending,no,2025-01-01,year,,,,,2026-02-20,525,proposals,500,1,2026-02-19,2026-02-19,0,,moratorium; zoning_restriction,1,no
prj_60,TeraWulf Hawesville Data Center,KY,hancock,proposed,pending,no,2026-01-01,year,,,,,2026-05-05,480,opposition_events,750,1,2026-02-02,2026-02-02,0,,zoning_restriction,1,no
prj_61,Project Pulse,KY,clark,rejected,blocked_confirmed,yes,2026-01-01,year,,,,,2026-05-05,,,991,0,,,,,,0,no
prj_62,Bates Mill No. 3. Data Center,ME,androscoggin,withdrawn,blocked_confirmed,yes,2025-01-01,year,,,,,2026-06-16,24,opposition_events,3.57,1,2025-12-16,2025-12-16,0,,zoning_restriction,3,no
prj_63,Loring Air Force Base Data Center,ME,aroostook,proposed,pending,no,2025-10-01,month,,,,,2026-02-08,2,proposals,,0,,,,,,0,no
prj_64,Millinocket Data Center,ME,aroostook,withdrawn,blocked_confirmed,yes,2021-01-01,year,,,,,2026-02-08,60,proposals,,0,,,,,,0,no
prj_65,Sanford Woods Industrial and Technical Campus,ME,york,proposed,pending,no,2026-01-01,year,,,,,2026-03-08,300,opposition_events,1060,1,2026-02-13,2026-02-13,0,,public_comment,1,no
prj_66,Woodlawn Data Center,MD,baltimore,delayed,pending,no,2025-12-01,month,,,,,2026-02-06,150,proposals,42,1,2026-02-02,2026-02-02,0,,moratorium; study_or_report,1,no
prj_67,Brightseat Tech Park Data Center Development,MD,prince george's,proposed,pending,no,2025-01-01,year,,,,,2026-02-07,820,opposition_events,87,1,2025-09-01,2025-09-01,0,,moratorium,7,no
prj_68,Laurel Data Center,MD,prince george's,proposed,pending,no,2024-05-01,month,,,,,2026-02-07,20,proposals,100,0,,,,,,0,no
prj_69,Federick County Zoning Overlay + Quantum Frederick Park Data Center Campus,MD,frederick,construction,advanced_confirmed,yes,2021-01-01,year,,,,,2026-02-07,258,opposition_events,2100,1,2025-12-24,2025-12-24,0,,zoning_restriction,4,no
prj_70,Piney Reach Data Center Development,MD,charles,preliminary,pending,no,2025-01-01,year,,,,,2026-02-07,,,432,0,,,,,,0,no
prj_71,Johns Hopkins Data Science and Artificial Intelligence Institute (DSAI),MD,baltimore,construction,advanced_confirmed,yes,2024-01-01,year,,,,,2026-03-05,,,,0,,,,,,0,no
prj_72,Atmosphere Dickerson Data Center,MD,montgomery,proposed,pending,no,2026-02-01,month,,,,,2026-05-24,360,proposals,110,3,2026-02-01,2026-06-13,132,,executive_action; moratorium; zoning_restriction,4,no
prj_73,Westfield Data Center Campus,MA,hampden,proposed,pending,no,2021-01-01,year,,,,,,42,opposition_events,61.984,2,2024-11-01,2026-07-06,612,,moratorium; project_withdrawal,2,no
prj_74,Project Mitten / The Barn,MI,washtenaw,construction,advanced_confirmed,yes,2025-10-01,month,2025-10-15,Saline Township Board approved consent-judgment settlement permitting the campus (terminal local land-use disposition after 4-1 rezoning denial and developer exclusionary-zoning suit); web-verified (Planet Detroit 2025-11: settlement Oct 15; Saline Summit 2025-11-19; Fortune 2026-05-06),https://planetdetroit.org/2025/11/dte-openai-saline-township/,14,2026-04-20,1400,proposals,250,9,2025-08-12,2026-05-06,267,,community_benefit_agreement; lawsuit; moratorium; other_opposition; permit_denial; regulatory_action; zoning_restriction,7,yes
prj_75,Project Cannoli,MI,wayne,proposed,pending,no,2025-12-01,month,,,,,2026-03-01,1000,proposals,280,1,2026-06-17,2026-06-17,0,,public_comment,1,no
prj_76,Project Splitrock,MI,livingston,withdrawn,blocked_confirmed,yes,2025-09-01,month,,,,,2026-03-02,,,1077,0,,,,,,0,no
prj_77,32 Mile Road Technical Campus,MI,macomb,delayed,pending,no,2025-01-01,year,,,,,2026-03-02,,,312.2,1,2026-03-11,2026-03-11,0,,zoning_restriction,1,no
prj_78,Benton Charter Township Data Center,MI,berrien,delayed,pending,no,2024-01-01,year,,,,,2026-03-08,,,280,1,2025-11-01,2025-11-01,0,,public_comment,1,no
prj_79,Microsoft Gaines Township Data Center,MI,kent,proposed,pending,no,2026-01-01,year,,,,,2026-03-04,,,356,4,2025-12-18,2026-05-18,151,,moratorium; other_opposition; zoning_restriction,4,no
prj_80,Rocklocker Kalkaska Data Center,MI,kalkaska,withdrawn,blocked_confirmed,yes,2025-01-01,year,,,,,2026-03-06,1000,opposition_events,1440,1,2025-11-01,2025-11-01,0,,project_withdrawal,1,no
prj_81,Ypsilanti University of Michigan × Los Alamos Supercomputing Research Center,MI,washtenaw,proposed,pending,no,2025-01-01,year,,,,,2026-03-08,110,opposition_events,124,3,2025-06-01,2026-04-22,325,,infrastructure_opposition; moratorium; public_comment; utility_regulation,1,no
prj_82,Project Cherry Blossom,MI,monroe,proposed,pending,no,2025-11-01,month,,,,,2026-03-09,,,200,2,2025-11-17,2026-02-10,85,,moratorium; public_comment,4,no
prj_83,Project Ironwood,MI,monroe,proposed,pending,no,2025-07-01,month,,,,,2026-03-09,,,750,1,2025-10-02,2025-10-02,0,,moratorium,2,no
prj_84,Project Flex,MI,oakland,proposed,pending,no,2025-09-01,month,,,,,2026-03-09,,,172,3,2026-02-10,2026-04-27,76,,moratorium; other_opposition,3,no
prj_85,Deep Green Lansing Data Center,MI,ingham,withdrawn,blocked_confirmed,yes,2025-11-01,month,2026-04-06,"Developer withdrawal, date stated in sourced tracker record",https://www.fox47news.com/neighborhoods/downtown-old-town-reo-town,156,2026-04-06,24,proposals,3,1,2026-04-06,2026-04-06,0,,project_withdrawal,1,no
prj_86,Pavilion Township Data Center,MI,kalamazoo,withdrawn,blocked_confirmed,yes,2025-01-01,year,,,,,2026-03-13,,,265,0,,,,,,0,no
prj_87,Sansone York Township Data Center,MI,washtenaw,preliminary,pending,no,2025-12-01,month,,,,,2026-03-13,1000,proposals,412,1,2026-02-12,2026-02-12,0,,moratorium,1,no
prj_88,Metrobloks Southfield Data Center,MI,oakland,proposed,pending,no,2025-12-01,month,,,,,2026-03-13,100,proposals,12.19,1,2025-12-15,2025-12-15,0,,public_comment,1,no
prj_89,Clinton Amazon Data Center,MS,hinds,approved,advanced_confirmed,yes,2026-01-01,month,,,,,2026-04-30,,,,1,2026-01-15,2026-01-15,0,,public_comment,1,no
prj_90,Ridgeland Amazon Data Center,MS,madison,proposed,pending,no,2026-04-01,month,,,,,2026-05-20,,,,1,2026-04-09,2026-04-09,0,,public_comment,0,no
prj_91,Canton Amazon Data Center,MS,madison,construction,advanced_confirmed,yes,2024-01-01,year,,,,,2026-04-15,650,opposition_events,1700,1,2026-03-01,2026-03-01,0,,public_comment,2,no
prj_92,Vicksburg Amazon Data Center,MS,warren,proposed,pending,no,2025-11-01,month,,,,,2026-04-15,,,,1,2025-11-20,2025-11-20,0,,public_comment,1,no
prj_93,Project Taurus,MS,rankin,proposed,pending,no,2025-08-01,month,,,,,2026-04-15,450,proposals,175,1,2025-09-01,2025-09-01,0,,public_comment,1,no
prj_94,Meridian Compass Data Center,MS,lauderdale,construction,advanced_confirmed,yes,2025-01-01,month,,,,,2026-04-15,500,proposals,,1,2025-12-29,2025-12-29,0,,public_comment,1,no
prj_95,Clarksdale Data Center,MS,coahoma,preliminary,pending,no,2026-03-01,month,,,,,2026-04-15,,,648,1,2026-03-24,2026-03-24,0,,public_comment,1,no
prj_96,xAI MACROHARDRR,MS,desoto,construction,advanced_confirmed,yes,2026-01-01,month,,,,,2026-04-15,,,18.3654729,1,2026-01-08,2026-01-08,0,,other_opposition; regulatory_action,2,no
prj_97,Nebius Independence Hyperscale Campus,MO,jackson,construction,advanced_confirmed,yes,2026-01-01,year,,,,,2026-05-20,800,proposals,398,2,2026-01-16,2026-02-10,25,,lawsuit; public_comment; zoning_restriction,2,yes
prj_98,Project Green,MO,montgomery,approved,advanced_confirmed,yes,2026-01-01,month,,,,,2026-05-09,,,1000,1,2026-02-16,2026-02-16,0,,lawsuit,1,yes
prj_99,Project Spade,MO,montgomery,approved,advanced_confirmed,yes,2025-11-01,month,,,,,2026-05-09,1200,proposals,910,0,,,,,,0,no
prj_100,Crusoe Warrenton AI Data Center,MO,warren,approved,advanced_confirmed,yes,2026-01-01,year,,,,,2026-05-21,,,,1,2026-01-20,2026-01-20,0,,zoning_restriction,1,no
prj_101,Wildwood Ranch AI Data Center,MO,jasper,approved,advanced_confirmed,yes,2026-01-01,year,,,,,2026-05-09,200,proposals,600,1,2025-10-01,2025-10-01,0,,public_comment,1,no
prj_102,CRG Festus Data Center,MO,jefferson,approved,advanced_confirmed,yes,,,,,,,2026-05-09,,,360,1,2026-04-10,2026-04-10,0,,lawsuit,4,yes
prj_103,Armory Innovation Data Center,MO,st. louis,approved,advanced_confirmed,yes,,,,,,,2026-05-09,120,proposals,,1,2026-04-21,2026-04-21,0,,moratorium,10,no
prj_104,Mo Lake Development Cross Creek Data Center,MO,camden,rejected,blocked_confirmed,yes,2026-01-01,year,,,,,2026-05-09,,,,0,,,,,,0,no
prj_105,Metrobloks Liberty Data Center Campus,MO,clay,approved,advanced_confirmed,yes,,,,,,,2026-05-09,150,proposals,30,1,2026-03-24,2026-03-24,0,,zoning_restriction,1,no
prj_106,White Cloud Acres,MO,nodaway,proposed,pending,no,,,,,,,2026-05-09,600,proposals,,0,,,,,,0,no
prj_107,Lambda AI Factory,MO,jackson,approved,advanced_confirmed,yes,,,,,,,2026-05-09,24,proposals,,0,,,,,,0,no
prj_108,Jasper County Powered Data Park / Sarcoxie Data Center,MO,jasper,proposed,pending,no,,,,,,,2026-05-09,,,,0,,,,,,0,no
prj_109,Oppidan Foristell Data Center Sites,MO,st. charles county/warren,proposed,pending,no,,,,,,,2026-05-09,,,400,1,2026-03-16,2026-03-16,0,,public_comment,1,no
prj_110,Meramec Valley Technology Park,MO,franklin,proposed,pending,no,2026-01-01,year,,,,,2026-05-09,1300,opposition_events,500,1,2026-02-25,2026-02-25,0,,zoning_restriction,2,no
prj_111,Gateway Digital Campus,MO,franklin,approved,advanced_confirmed,yes,2026-01-01,year,,,,,2026-05-09,,,575,3,2026-01-15,2026-03-17,61,,zoning_restriction,6,no
prj_112,Meta Kansas City Data Center,MO,clay,operational,advanced_confirmed,yes,2025-01-01,year,,,,,2026-05-09,,,,0,,,,,,0,no
prj_113,Project Mica,MO,clay,construction,advanced_confirmed,yes,2026-02-01,month,,,,,2026-05-09,700,proposals,500,0,,,,,,0,no
prj_114,Marshfield Webster Data Center,MO,webster,construction,advanced_confirmed,yes,2026-01-01,year,,,,,2026-05-09,,,5,1,2026-05-11,2026-05-11,0,,public_comment,0,no
prj_115,Project Cumulus,MO,st. charles,withdrawn,blocked_confirmed,yes,2025-03-01,month,2025-08-18,"CRG Cumulus LLC withdrew its conditional use permit application (Monday afternoon, day before the 2025-08-19 council meeting); web-verified (STLPR 2025-08-18, govtech/Post-Dispatch 2025-08-19, KSDK, DCD 2025-08-22)",https://www.stlpr.org/news-briefs/2025-08-18/developer-controversial-data-center-st-charles,170,2026-05-09,,,440,1,2026-05-19,2026-05-19,0,,lawsuit; moratorium,9,yes
prj_116,DataOne Vineland,NJ,cumberland,construction,advanced_confirmed,yes,,,,,,,2026-05-20,300,proposals,,1,2025-12-23,2025-12-23,0,,zoning_restriction,4,no
prj_117,Princeton Nurseries Data Center,NJ,middlesex,proposed,pending,no,2025-01-01,year,,,,,2026-02-07,,,160,1,2025-03-01,2025-03-01,0,,public_comment,1,no
prj_118,Nutley Data Center,NJ,essex,proposed,pending,no,2025-01-01,year,,,,,2026-02-07,,,11,1,2026-07-13,2026-07-13,0,,public_comment,0,no
prj_119,New Brunswick Data Center,NJ,middlesex,withdrawn,blocked_confirmed,yes,2025-01-01,year,,,,,2026-02-21,,,,1,2026-02-19,2026-02-19,0,,zoning_restriction,6,no
prj_120,East Greenwich Township Data Center,NJ,gloucester,withdrawn,blocked_confirmed,yes,2026-03-01,month,2026-06-08,"American Tower (Mt. Royal Data Storage Facility) formally withdrew its Planning/Zoning Board application; mayor announced the withdrawal, June 30 hearing then canceled; township adopted a data center ban ordinance; web-verified (DataCenterDynamics 2026-06, 42Freeway 2026-06-10 'on Monday', GovTech 2026-06-12)",https://www.datacenterdynamics.com/en/news/american-tower-withdraws-plans-for-data-center-in-new-jersey/,99,2026-06-16,,,,1,2026-04-21,2026-04-21,0,,public_comment,0,no
prj_121,CoreWeave Kenilworth,NJ,union,construction,advanced_confirmed,yes,2025-01-01,year,,,,,2026-04-14,250,proposals,27,4,2025-11-01,2026-06-09,220,,ordinance; other_opposition; public_comment; zoning_restriction,0,no
prj_122,Millville Energy & Data Center Campus,NJ,cumberland,rejected,blocked_confirmed,yes,2026-05-01,month,2026-05-19,"Millville Board of Commissioners vote adopting citywide data center ban ordinance, ending this proposal; web-verified (ROI-NJ 2026-05-20, News 12 NJ 2026-05-20, Let's Data Science 2026-05-20)",https://www.roi-nj.com/2026/05/20/tech/millville-bans-data-centers-rejecting-largest-proposed-facility-in-n-j/,18,2026-05-20,,,,1,2026-05-19,2026-05-19,0,,moratorium; ordinance,0,no
prj_123,Monroe Township Data Center,NJ,gloucester,rejected,blocked_confirmed,yes,2026-03-01,month,2026-04-22,"Monroe Township (Gloucester County) Council passed two ordinances prohibiting data centers township-wide, foreclosing the Hexa Builders redevelopment-area data center conversion; web-verified (CBS Philadelphia 2026-05-08 'On April 22, Monroe Township passed two ordinances', Food & Water Watch 2026-04-28)",https://www.cbsnews.com/philadelphia/news/monroe-gloucester-new-jersey-data-center-ban-law/,52,2026-05-20,,,172,1,2026-04-08,2026-04-08,0,,zoning_restriction,1,no
prj_124,STAMP Data Center,NY,genesee,proposed,pending,no,2025-01-01,year,,,,,2026-07-14,500,proposals,,4,2025-02-01,2026-07-13,527,,lawsuit; other_opposition; public_comment,6,yes
prj_125,Cayuga Data Campus,NY,tompkins,proposed,pending,no,2025-01-01,year,,,,,2026-02-09,138,proposals,180,5,2025-09-24,2026-06-17,266,,lawsuit; other_opposition; public_comment; zoning_restriction,8,yes
prj_126,Lysander Data Center,NY,onondaga,proposed,pending,no,2026-01-01,year,,,,,2026-04-01,300,proposals,124,1,2026-05-07,2026-05-07,0,,moratorium,0,no
prj_127,Niagara Digital Campus Data Center Development,NY,niagara,proposed,pending,no,,,,,,,2026-02-01,,,60,1,2026-06-03,2026-06-03,0,,other_opposition,0,no
prj_128,Oneonta West End Data Center,NY,otsego,preliminary,pending,no,2025-01-01,year,,,,,2025-12-01,,,153,1,2026-03-12,2026-03-12,0,,moratorium,1,no
prj_129,Brookhaven National Laboratory Data Center,NY,suffolk,proposed,pending,no,2024-01-01,year,,,,,2026-04-22,,,90,0,,,,,,0,no
prj_130,Sugar Hill Portland Data Center,NY,chautauqua,proposed,pending,no,2026-01-01,year,,,,,2026-05-05,,,44,0,,,,,,0,no
prj_131,Massena Petawatt Data Center Site Advertisement,NY,st. lawrence,preliminary,pending,no,2026-01-01,year,,,,,2026-05-05,200,proposals,140,0,,,,,,0,no
prj_132,Ilion Data Center,NY,herkimer,proposed,pending,no,2026-04-01,month,,,,,2026-05-05,,,,0,,,,,,0,no
prj_133,Riverview Innovative and Technology Campus Data Center,NY,erie,proposed,pending,no,2026-04-01,month,,,,,2026-05-20,,,140,0,,,,,,0,no
prj_134,Rural Hall Data Center,NC,forsyth,proposed,pending,no,2026-03-01,month,,,,,2026-04-26,,,130,0,,,,,,0,no
prj_135,Person County Mega Park,NC,person,proposed,pending,no,2024-10-01,month,,,,,2026-04-26,,,175,0,,,,,,0,no
prj_136,Tarboro Data Center Campus,NC,edgecombe,proposed,pending,no,2025-09-01,month,,,,,2024-04-29,300,proposals,52,1,2025-09-15,2025-09-15,0,,zoning_restriction,1,no
prj_137,Fayetteville Data Center Campus,NC,cumberland,proposed,pending,no,2025-12-01,month,,,,,2023-03-30,300,opposition_events,,2,2025-11-01,2026-03-05,124,,moratorium; public_comment; zoning_restriction,3,no
prj_138,High Point Data Center,NC,guilford,proposed,pending,no,2021-05-01,month,,,,,2023-03-30,,,,0,,,,,,0,no
prj_139,Lenoir Data Center Expansion,NC,caldwell,expansion,advanced_confirmed,yes,2026-03-01,month,,,,,2023-03-30,,,,0,,,,,,0,no
prj_140,Rowan County Data Center,NC,rowan,construction,advanced_confirmed,yes,2025-01-01,month,,,,,2023-03-30,,,,3,2026-03-17,2026-04-21,35,,moratorium; public_comment,2,no
prj_141,Project Delta,NC,stokes,approved,advanced_confirmed,yes,2025-01-01,month,,,,,2023-03-30,,,1845,1,2026-01-12,2026-01-12,0,,lawsuit; moratorium; project_withdrawal; zoning_restriction,12,yes
prj_142,AWS Richmond County Campus,NC,richmond,construction,advanced_confirmed,yes,2025-01-01,year,,,,,2023-03-30,,,,0,,,,,,0,no
prj_143,Statesville Data Center Campus,NC,iredell,approved,advanced_confirmed,yes,2025-01-01,year,2025-09-15,"Statesville City Council unanimous 8-0 rezoning approval over neighborhood opposition (Compass Datacenters, 330 acres, western Iredell County); web-verified (GovTech/Charlotte Observer 2025-09-16)",https://www.govtech.com/products/despite-protests-north-carolina-city-approves-data-center,,2023-03-30,,,,1,2025-09-08,2025-09-08,0,,public_comment,2,no
prj_144,CLT20 Moores Chapel,NC,mecklenburg,approved,advanced_confirmed,yes,2025-05-01,month,,,,,2023-03-30,,,,0,,,,,,0,no
prj_145,CLT10 Uptown Expansion,NC,mecklenburg,expansion,advanced_confirmed,yes,2025-03-01,month,,,,,2023-03-30,,,,1,2026-06-08,2026-06-08,0,,moratorium; public_comment,0,no
prj_146,Charlotte University City Data Center,NC,mecklenburg,construction,advanced_confirmed,yes,,,,,,,2023-03-30,,,,1,2026-04-23,2026-04-23,0,,other_opposition; public_comment,1,no
prj_147,5C Charlotte Data Center,NC,mecklenburg,construction,advanced_confirmed,yes,,,,,,,2023-03-30,,,,0,,,,,,0,no
prj_148,NC-1 Campus (Madison) Data Center,NC,rockingham,construction,advanced_confirmed,yes,,,,,,,2023-03-30,,,,0,,,,,,0,no
prj_149,Microsoft — Catawba County Campus Cluster (Lyle Creek / Boyd Farm / Hickory / Stover North),NC,,construction,advanced_confirmed,yes,,,,,,,2023-03-30,,,,0,,,,,,0,no
prj_150,Greensboro Dream Center,NC,guilford,construction,advanced_confirmed,yes,,,,,,,2023-03-30,10,proposals,,0,,,,,,0,no
prj_151,Marble Data Center Campus,NC,cherokee,construction,advanced_confirmed,yes,,,,,,,2023-03-30,,,,0,,,,,,0,no
prj_152,Raleigh New Build Data Center,NC,wake,construction,advanced_confirmed,yes,,,,,,,2023-03-30,,,,0,,,,,,0,no
prj_153,Maiden iDataCenter Campus,NC,catawba county; lincoln,construction,advanced_confirmed,yes,,,,,,,2023-03-30,,,,0,,,,,,0,no
prj_154,T5 Data Centers Kings Mountain,NC,cleveland county; gaston,expansion,advanced_confirmed,yes,,,,,,,2023-03-30,120,opposition_events,300,1,2026-02-26,2026-02-26,0,,moratorium,1,no
prj_155,American Tower RA1,NC,wake,operational,advanced_confirmed,yes,,,,,,,2023-03-30,,,,0,,,,,,0,no
prj_156,Forest City Data Center Campus,NC,rutherford,expansion,advanced_confirmed,yes,,,,,,,2023-03-30,,,,0,,,,,,0,no
prj_157,Lenoir Campus (Existing + Project Cardinal 2024),NC,caldwell,expansion,advanced_confirmed,yes,,,,,,,2023-03-30,,,,0,,,,,,0,no
prj_158,Natelli Investments New Hill Digital Campus,NC,,withdrawn,blocked_confirmed,yes,,,2026-03-05,"Natelli Investments withdrew its annexation and rezoning applications; web-verified (WRAL 2026-03-05, WUNC 2026-03-05, Data Centers and Vance County report: 'On March 5, 2026, Natelli withdrew all applications')",https://www.wral.com/news/local/natelli-withdraws-apex-data-center-project-shearon-harris-march-2026/,,2023-03-30,250,proposals,,3,2025-08-01,2026-03-10,221,,moratorium; project_withdrawal,3,no
prj_159,Tract Mooresville Technology Park,NC,iredell,withdrawn,blocked_confirmed,yes,2025-08-01,month,2025-08-13,"Full withdrawal announced by Mooresville mayor; web-verified (WBTV/WCNC/NBC 2025-08-13, opposition site states date)",https://www.wbtv.com/2025/08/13/developers-withdraw-plans-data-center-nascar-legends-land-mooresville/,12,2023-03-30,1500,opposition_events,,1,2025-08-13,2025-08-13,0,,zoning_restriction,1,no
prj_160,Project Accelerate,NC,mecklenburg,withdrawn,blocked_confirmed,yes,2025-10-01,month,2025-10-07,"Developer withdrew rezoning petition, announced by Matthews mayor Tuesday 2025-10-07; web-verified (WBTV 2025-10-08, WFAE 2025-10-08, Baxtel: 'pulled the application on October 7')",https://www.wbtv.com/2025/10/08/plans-data-center-matthews-have-been-withdrawn-mayor-says/,6,2023-03-30,,,,1,2025-09-01,2025-09-01,0,,project_withdrawal,1,no
prj_161,Kingsboro Data Center,NC,edgecombe,proposed,pending,no,2025-09-01,month,,,,,2026-04-29,300,proposals,121,1,2026-07-14,2026-07-14,0,,moratorium; project_withdrawal; public_comment,2,no
prj_162,Vantage New Albany Data Center Campus,OH,licking,construction,advanced_confirmed,yes,2024-01-01,year,,,,,2026-02-19,192,proposals,70,0,,,,,,0,no
prj_163,AWS Innovation Campus / New Albany Data Center Campus,OH,licking,construction,advanced_confirmed,yes,2024-11-01,month,,,,,2026-02-19,,,85,0,,,,,,0,no
prj_164,QTS New Albany Data Center Campus,OH,licking,construction,advanced_confirmed,yes,2024-11-01,month,,,,,2026-02-19,78,proposals,,0,,,,,,0,no
prj_165,AWS Hillard Campus,OH,franklin,expansion,advanced_confirmed,yes,2025-09-22,day,,,,,2026-02-20,401,proposals,142,1,2026-02-24,2026-02-24,0,155,lawsuit,1,yes
prj_166,Project Mila / Trenton Industrial Park Data Center,OH,butler,proposed,pending,no,2025-01-01,year,,,,,2026-02-19,250,opposition_events,141,3,2026-03-30,2026-06-16,78,,moratorium; public_comment; zoning_restriction,1,no
prj_167,Hamilton Data Center,OH,butler,proposed,pending,no,2024-01-01,year,,,,,2026-02-19,240,proposals,29.2,1,2025-11-12,2025-11-12,0,,public_comment,1,no
prj_168,5C Springfield Data Center,OH,clark,construction,advanced_confirmed,yes,2025-01-01,year,,,,,2026-02-19,150,proposals,4.913,1,2026-06-16,2026-06-16,0,,moratorium,0,no
prj_169,Ashville Data Center,OH,pickaway,proposed,pending,no,2025-01-01,year,,,,,2026-02-19,1800,opposition_events,680,3,2025-12-19,2026-02-02,45,,moratorium; zoning_restriction,1,no
prj_170,Piqua Data Center,OH,miami,approved,advanced_confirmed,yes,2025-01-01,year,,,,,2026-02-19,,,1168,1,2025-11-01,2025-11-01,0,,public_comment,1,no
prj_171,Project Galaxy,OH,shelby,construction,advanced_confirmed,yes,2025-01-01,year,,,,,2026-02-19,,,,0,,,,,,0,no
prj_172,Google Franklin Furnace Data Center,OH,scioto,proposed,pending,no,2025-01-01,year,,,,,2026-02-19,,,11.4784206,2,2026-02-15,2026-05-06,80,,lawsuit; public_comment,2,yes
prj_173,Van Wert Mega Site,OH,van wert,proposed,pending,no,2025-08-19,day,,,,,2026-02-20,500,proposals,1475,1,2026-05-11,2026-05-11,0,265,zoning_restriction,0,no
prj_174,Stargate Project - Lordstown AI Data Center Campus,OH,trumbull,proposed,pending,no,2025-09-23,day,,,,,2026-02-20,,,,0,,,,,,0,no
prj_175,Lordstown Data Center,OH,trumbull county; mahoning,delayed,pending,no,2025-11-01,month,,,,,2026-02-20,600,proposals,133,2,2025-10-01,2026-06-16,258,,moratorium,1,no
prj_176,Bitdeer Weathersfield Project,OH,trumbull,proposed,pending,no,2025-10-14,day,,,,,2026-02-20,300,proposals,41.8,1,2026-04-20,2026-04-20,0,188,project_withdrawal,0,no
prj_177,"Cipher Mining's ""Ulysses""",OH,union,proposed,pending,no,2025-12-01,month,,,,,2026-02-20,200,proposals,195,0,,,,,,0,no
prj_178,Google Lockbourne,OH,franklin,expansion,advanced_confirmed,yes,2021-01-01,year,,,,,2026-02-20,,,270,0,,,,,,0,no
prj_179,Johnstown Cologix Data Center,OH,licking,construction,advanced_confirmed,yes,2025-10-01,month,,,,,2026-02-20,800,proposals,154,0,,,,,,0,no
prj_180,Project Cosmos,OH,union,construction,advanced_confirmed,yes,2025-01-01,year,,,,,2026-03-27,,,55,1,2025-09-03,2025-09-03,0,,moratorium,1,no
prj_181,Cologix Lewis Center Data Center,OH,delaware,construction,advanced_confirmed,yes,2025-06-14,day,,,,,2026-02-20,120,proposals,28,0,,,,,,0,no
prj_182,Strata Expanse AI Center of Excellence,OH,lawrence,construction,advanced_confirmed,yes,2025-12-01,month,,,,,2026-02-21,80,opposition_events,,2,2025-12-01,2026-01-09,39,,moratorium,2,no
prj_183,Hannibal Data Center Campus,OH,monroe,proposed,pending,no,2020-01-09,day,,,,,2026-02-23,300,proposals,125,0,,,,,,0,no
prj_184,Bitdeer Clarington Data Center,OH,monroe,construction,advanced_confirmed,yes,2025-12-01,month,,,,,2026-02-21,,,,0,,,,,,0,no
prj_185,Meta Bowling Green Data Center,OH,wood,construction,advanced_confirmed,yes,2023-09-28,day,,,,,2026-03-05,,,160,6,2025-04-01,2026-07-07,462,551,moratorium; zoning_restriction,4,no
prj_186,NEO-01 / Sandusky Data Center,OH,sandusky,construction,advanced_confirmed,yes,,,,,,,2026-03-06,96,proposals,129,0,,,,,,0,no
prj_187,Microsoft Heath Data Center,OH,licking,construction,advanced_confirmed,yes,2024-01-01,year,,,,,2026-03-06,,,227,0,,,,,,0,no
prj_188,Microsoft Hebron Data Center,OH,licking,construction,advanced_confirmed,yes,2024-01-01,year,,,,,2026-03-06,,,,0,,,,,,0,no
prj_189,Microsoft New Albany Data Center,OH,licking,construction,advanced_confirmed,yes,2023-09-28,day,,,,,2026-03-06,,,197,0,,,,,,0,no
prj_190,Urbana Data Center,OH,champaign,proposed,pending,no,2026-02-01,month,,,,,2026-03-08,,,,2,2026-03-03,2026-06-17,106,,lawsuit; moratorium,2,yes
prj_191,Akron Data Center Expansion,OH,fulton,expansion,advanced_confirmed,yes,2026-03-01,month,,,,,2026-03-08,,,,0,,,,,,0,no
prj_192,AWS Wilmington Data Center,OH,clinton,delayed,pending,no,2026-03-01,month,,,,,2026-03-26,1500,opposition_events,471,2,2025-11-26,2026-02-12,78,,lawsuit; moratorium; zoning_restriction,2,yes
prj_193,Mt. Orab Mega Site,OH,brown,preliminary,pending,no,2024-12-01,month,,,,,2026-03-26,2000,opposition_events,1150,1,2026-02-04,2026-02-04,0,,moratorium,1,no
prj_194,J.M. Stuart Revitilization Project,OH,adams,proposed,pending,no,2026-02-01,month,,,,,2026-03-27,650,proposals,470,0,,,,,,0,no
prj_195,Killen Revitilization Project,OH,adams,proposed,pending,no,2026-02-01,month,,,,,2026-03-27,650,proposals,330,1,2026-02-01,2026-02-01,0,,public_comment,1,no
prj_196,Marysville South Data Center,OH,union,proposed,pending,no,2025-11-01,month,,,,,2026-03-27,800,proposals,591,1,2025-12-08,2025-12-08,0,,moratorium,2,no
prj_197,Buck Canyon Properties Data Center,OH,adams,proposed,pending,no,2026-02-01,month,,,,,2026-03-27,1300,proposals,1016,2,2026-02-24,2026-03-02,6,,moratorium,1,no
prj_198,PORTS Technology Center,OH,pike,approved,advanced_confirmed,yes,2026-03-01,month,,,,,2026-04-25,10000,proposals,,0,,,,,,0,no
prj_199,Project BOSC,OH,allen,proposed,pending,no,2025-01-01,year,,,,,2026-04-25,,,,1,2026-03-07,2026-03-07,0,,public_comment,1,no
prj_200,Perry Township Data Center,OH,stark,proposed,pending,no,2026-03-01,month,,,,,2026-04-26,240,proposals,100,1,2025-08-01,2025-08-01,0,,public_comment,1,no
prj_201,Morabito Slavic Village Data Center,OH,cuyahoga,rejected,blocked_confirmed,yes,2026-05-01,month,,,,,2026-05-15,,,,0,,,,,,0,no
prj_202,AWS Salem Township Data Center,PA,luzerne,construction,advanced_confirmed,yes,2025-01-01,year,,,,,2026-06-16,1920,proposals,1600,0,,,,,,0,no
prj_203,Project Hazelnut,PA,luzerne,rejected,blocked_confirmed,yes,2025-05-01,month,2025-11-18,Hazle Township supervisors unanimous rejection at November 2025 meeting; source report dated 2025-11-18,https://www.foodandwaterwatch.org/2025/11/18/hazle-township-,201,,,,1250,1,2025-11-18,2025-11-18,0,,zoning_restriction,1,no
prj_204,Wildcat Ridge AI Data Center,PA,lackawanna,proposed,pending,no,2025-01-01,month,,,,,2026-07-14,1600,proposals,574.2,0,,,,,,0,no
prj_205,Project Gravity,PA,lackawanna,proposed,pending,no,2025-04-01,month,,,,,2026-07-14,,,195,0,,,,,,0,no
prj_206,Blakely AI Data Center,PA,lackawanna,withdrawn,blocked_confirmed,yes,2025-08-01,month,2025-09-12,"Developer (attorney Michael Mey) withdrew the rezoning request in a 2025-09-12 statement, three days before the 2025-09-15 Blakely Borough Council meeting; web-verified (DCD 2026-05-07, WNEP 2025-09-13, FOX56 2025-09-16)",https://www.datacenterdynamics.com/en/news/developers-withdraw-request-for-data-center-in-blakely-pennsylvania/,42,2026-04-03,400,proposals,121,1,2025-09-12,2025-09-12,0,,zoning_restriction,1,no
prj_207,Project Boson,PA,lackawanna,proposed,pending,no,,,,,,,2026-07-14,,,14.2332415,0,,,,,,0,no
prj_208,Jessup Breaker Street Data Center,PA,lackawanna,delayed,pending,no,2025-06-01,month,,,,,2026-07-14,600,proposals,131,0,,,,,,0,no
prj_209,Project Gold,PA,lackawanna,proposed,pending,no,2025-07-01,month,,,,,2026-04-08,1500,proposals,1000,1,2025-11-01,2025-11-01,0,,lawsuit,1,yes
prj_210,East Whiteland Township Data Center,PA,chester,proposed,pending,no,2023-01-01,month,,,,,2026-04-19,300,opposition_events,44,1,2026-02-26,2026-02-26,0,,zoning_restriction,1,no
prj_211,QTS Salem Data Center,PA,luzerne,proposed,pending,no,2025-07-01,month,,,,,2026-03-20,,,1800,0,,,,,,0,no
prj_212,AWS Keystone Trade Center Campus,PA,bucks,proposed,pending,no,2025-06-01,month,,,,,,,,1800,2,2026-02-20,2026-07-14,144,,public_comment; regulatory_action; zoning_restriction,1,no
prj_213,CoreWeave Lancaster AI Campuses,PA,lancaster,construction,advanced_confirmed,yes,2025-07-01,month,,,,,2026-01-17,300,proposals,144,1,2025-10-06,2025-10-06,0,,zoning_restriction,1,no
prj_214,Allentown Warehouse Conversion Data Center,PA,lehigh,delayed,pending,no,2026-05-01,month,,,,,2026-06-15,,,13.62,0,,,,,,0,no
prj_215,PAX – Pennsylvania Digital I,PA,cumberland,construction,advanced_confirmed,yes,2025-07-01,month,,,,,2026-04-06,1350,proposals,700,2,2026-03-01,2026-05-07,67,,lawsuit; public_comment; zoning_restriction,1,yes
prj_216,TECfusions “Keystone Connect” AI Campus,PA,westmoreland,proposed,pending,no,2025-01-01,month,,,,,,3000,proposals,1395,0,,,,,,0,no
prj_217,Springdale AI Data Center Redevelopment,PA,allegheny,approved,advanced_confirmed,yes,2025-08-01,month,,,,,2026-04-13,180,proposals,63.37,0,,,,,,0,no
prj_218,Homer City Energy + AI Campus,PA,indiana,construction,advanced_confirmed,yes,2025-08-01,month,,,,,2026-03-29,4500,proposals,3200,0,,,,,,0,no
prj_219,Panther Creek (Nesquehoning) HPC/AI Conversion,PA,carbon,approved,advanced_confirmed,yes,2025-08-01,month,,,,,2026-03-29,350,proposals,58.39,1,2026-01-01,2026-01-01,0,,public_comment,1,no
prj_220,Fairview Crossroads Data Center,PA,york,proposed,pending,no,2025-07-01,month,,,,,2026-03-22,,,17.22,0,,,,,,0,no
prj_221,Dauphin Highlands Golf Course sold for Data Center,PA,dauphin,proposed,pending,no,2025-08-01,month,,,,,2026-04-28,,,,0,,,,,,0,no
prj_222,Hollenback Township Data Center Development Zoning Application,PA,luzerne,preliminary,pending,no,2026-01-01,month,,,,,2026-03-02,960,opposition_events,460,1,2026-03-02,2026-03-02,0,,lawsuit,2,yes
prj_223,Jessup Sunnyside Data Center,PA,lackawanna,approved,advanced_confirmed,yes,2025-09-01,month,,,,,2026-07-14,,,11.0192837,0,,,,,,0,no
prj_224,McKees Rocks Industrial Site Data Center,PA,allegheny,preliminary,pending,no,2025-10-01,month,,,,,,,,,0,,,,,,0,no
prj_225,Project Hummingbird,PA,greene,proposed,pending,no,2025-10-01,month,,,,,2026-03-30,910,proposals,1400,0,,,,,,0,no
prj_226,Zediker Station Data Center,PA,washington,proposed,pending,no,2025-10-01,month,,,,,2026-03-22,600,opposition_events,1500,2,2025-11-01,2026-03-12,131,,public_comment; zoning_restriction,1,no
prj_227,Archbald I LLC Data Center Campuses,PA,lackawanna,rejected,blocked_confirmed,yes,2025-10-01,month,2026-03-27,Borough council vote denying application; tracker event record of the vote dated 2026-03-27 (DeSmog 2026-03-31),https://www.desmog.com/2026/03/31/archbald-pennsylvania-residents-data-center,177,2026-04-26,,,466.76,1,2026-03-27,2026-03-27,0,,zoning_restriction,1,no
prj_228,Former Air Products Headquarters Data Center,PA,lehigh,rejected,blocked_confirmed,yes,2025-11-01,month,2026-05-27,"Upper Macungie Township Zoning Hearing Board unanimously denied Air Products & Chemicals' application to permit a 2.6M-sq-ft data center campus as a 'similar use' (after denying a third continuance request); web-verified (WFMZ 2026-05-28, Yahoo/thecooldown 2026-06-02, DCD daily notes 2026-05-28)",https://www.wfmz.com/news/area/lehighvalley/lehigh-county/western-lehigh-county/upper-macungie-zoners-reject-appeal-for-massive-data-center-campus-on-former-air-products-site/article_c531b72e-e928-4562-bcbf-3dbc7e9ce3e8.html,207,2026-06-03,,,194,1,2026-02-26,2026-02-26,0,,lawsuit,2,yes
prj_229,Pennhurst Data Center,PA,chester,rejected,blocked_confirmed,yes,2025-10-01,month,2026-05-21,"East Vincent Township Board of Supervisors unanimously denied the conditional use application (Penn Hurst Holdings DE LLC) at the continued 2026-05-21 hearing; web-verified (East Vincent Township public notice, Food & Water Watch 2026-05-22, Philadelphia Inquirer 2026-05-22, WFMZ 2026-05, Chestnut Hill Local 2026-05-27)",https://www.inquirer.com/news/pennsylvania/pennhurst-data-center-rejected-east-vincent-20260522.html,232,2026-05-22,,,124.57,1,2025-10-01,2025-10-01,0,,permit_denial; zoning_restriction,4,no
prj_230,Conshohocken Data Center,PA,bucks,proposed,pending,no,2025-10-01,month,,,,,2026-05-09,,,66,0,,,,,,0,no
prj_231,Storage Data Center Project,PA,tioga,preliminary,pending,no,2025-11-01,month,,,,,2025-12-16,,,700,0,,,,,,0,no
prj_232,Dickson City Data Centers,PA,lackawanna,rejected,blocked_confirmed,yes,2025-11-01,month,,,,,2026-05-22,,,,1,2026-02-13,2026-02-13,0,,zoning_restriction,1,no
prj_233,West Hazleton Data Center,PA,luzerne,preliminary,pending,no,2025-09-01,month,,,,,2025-12-22,,,,0,,,,,,0,no
prj_234,Sugarloaf Township Data Center,PA,luzerne,proposed,pending,no,2025-07-01,month,,,,,2026-04-22,,,185,0,,,,,,0,no
prj_235,Linfield Data Center,PA,montgomery,proposed,pending,no,2026-01-01,month,,,,,2026-04-19,750,opposition_events,,1,2026-01-01,2026-01-01,0,,public_comment,1,no
prj_236,Kline Township Data Center,PA,schuylkill,proposed,pending,no,,,,,,,2025-03-02,,,350,1,2026-01-17,2026-01-17,0,,public_comment,1,no
prj_237,Ransom Township Data Center,PA,lackawanna,rejected,blocked_confirmed,yes,2025-12-01,month,2026-01-20,"Ransom Township Board of Supervisors denied the data center zoning-overlay amendment (Scranton Materials LLC) at the continued Tuesday hearing; web-verified (WVIA 2026-01-21, FOX56 2026-01-21, DCD 2026-01-22)",https://www.datacenterdynamics.com/en/news/zoning-amendment-rejected-for-data-center-in-ransom-township-pennsylvania/,50,2026-03-05,,,251,2,2026-02-27,2026-03-17,18,,lawsuit; zoning_restriction,2,yes
prj_238,Atlas Industrial / South Whitehall Township Hyperscale Data Center Campus,PA,lehigh,proposed,pending,no,2025-12-01,month,,,,,2026-04-22,,,117,2,2026-01-20,2026-05-12,112,,other_opposition; public_comment,1,no
prj_239,Smithfield Gateway Project,PA,monroe,proposed,pending,no,2025-11-01,month,,,,,2026-01-02,,,91.96,0,,,,,,0,no
prj_240,Project Phoenix,PA,beaver,approved,advanced_confirmed,yes,2025-07-01,month,,,,,2026-04-22,3600,proposals,477,1,2026-01-28,2026-01-28,0,,zoning_restriction,4,no
prj_241,Bradford County / Klondike Data Center Project,PA,bradford,proposed,pending,no,,,,,,,2026-01-08,218,proposals,335,0,,,,,,0,no
prj_242,Limerick / Project Laurel Data Center,PA,montgomery,proposed,pending,no,2026-01-01,month,,,,,2026-05-07,750,proposals,190,0,,,,,,0,no
prj_243,Peach Bottom Data Center,PA,york,proposed,pending,no,2025-07-01,month,,,,,2026-03-20,,,,0,,,,,,0,no
prj_244,NorthPoint Spring Mountain Data Center,PA,carbon,proposed,pending,no,2025-08-01,month,,,,,2026-04-15,,,1400,1,2025-09-01,2025-09-01,0,,public_comment,2,no
prj_245,Penn Forest Township Data Center,PA,carbon,preliminary,pending,no,2025-12-01,month,,,,,2026-03-04,,,750,1,2026-03-03,2026-03-03,0,,zoning_restriction,1,no
prj_246,Tobyhanna Township / Blakeslee Data Center,PA,monroe,preliminary,pending,no,2025-12-01,month,,,,,2026-01-18,,,520,1,2026-03-03,2026-03-03,0,,lawsuit,1,yes
prj_247,Talen Energy Rezone Request for Possible Data Center in Montour County,PA,montour,rejected,blocked_confirmed,yes,2025-01-01,year,2026-02-10,"Montour County Commissioners unanimous (3-0) denial of the 800-acre rezoning request at Tuesday morning meeting; web-verified (Food & Water Watch 2026-02-10, northcentralpa 2026-02-10, Inside Climate News 2026-02-11)",https://insideclimatenews.org/news/11022026/pennsylvania-talen-energy-data-center-rezoning-denied/,,2026-01-23,,,870,2,2026-02-10,2026-04-14,63,,ordinance; zoning_restriction,1,no
prj_248,Fezzik Aliquippa Data Center,PA,beaver,proposed,pending,no,,,,,,,2026-01-19,496,proposals,86,0,,,,,,0,no
prj_249,Dorrance Township Data Center Zoning Ordinance Challenge,PA,luzerne,preliminary,pending,no,2025-01-01,year,,,,,2026-01-30,,,155,2,2025-08-11,2026-05-06,268,,lawsuit; moratorium,1,yes
prj_250,Project Green Mountain,PA,lackawanna,proposed,pending,no,2026-01-01,month,,,,,2026-07-14,,,270,0,,,,,,0,no
prj_251,East Manchester Farmland to Data Center Initiative Interest,PA,york,preliminary,pending,no,2025-12-01,month,,,,,2026-04-11,,,300,0,,,,,,0,no
prj_252,Conewago Township Data Center Land Considerations,PA,york,preliminary,pending,no,2025-10-01,month,,,,,2026-04-13,,,541,1,2026-01-01,2026-01-01,0,,zoning_restriction,1,no
prj_253,Briar Creek Township Data Center Zoning Overlay,PA,columbia,preliminary,pending,no,2026-02-01,month,,,,,2026-04-28,,,231,0,,,,,,0,no
prj_254,South Hanover Township Data Center,PA,dauphin,proposed,pending,no,2025-02-01,month,,,,,2026-06-24,,,250,0,,,,,,0,no
prj_255,Lower Mount Bethel Technology Center,PA,northampton,proposed,pending,no,2026-04-01,month,,,,,2026-03-08,1200,proposals,450,1,2025-10-01,2025-10-01,0,,public_comment,1,no
prj_256,Sellersville / West Rockhill Township Data Center,PA,bucks,preliminary,pending,no,2026-02-01,month,,,,,2026-04-18,,,40,1,2026-04-15,2026-04-15,0,,ordinance; zoning_restriction,1,no
prj_257,Iron City No. 1 Power Generator and Compute Center,PA,clearfield,preliminary,pending,no,2026-02-01,month,,,,,2026-03-17,,,,0,,,,,,0,no
prj_258,North Coventry Township Data Center,PA,chester,withdrawn,blocked_confirmed,yes,2026-02-01,month,2026-02-23,Supervisors 3-2 rejection vote; tracker event record of the vote dated 2026-02-23 (Reading Eagle),https://www.readingeagle.com/2026/03/03/north-coventry-rejects-data-center,22,2026-03-21,,,16.81,1,2026-02-23,2026-02-23,0,,zoning_restriction,1,no
prj_259,Prologis Warehouse Data Center,PA,northampton,preliminary,pending,no,2026-03-01,month,,,,,2026-03-27,,,75,0,,,,,,0,no
prj_260,Switch Data Center at Former Pitt Race Complex,PA,beaver,proposed,pending,no,2025-08-01,month,,,,,2026-07-01,,,382,1,2026-06-02,2026-06-02,0,,other_opposition; public_comment,0,no
prj_261,Allenwood Data Center,PA,union,proposed,pending,no,2026-03-01,month,,,,,2026-06-10,300,proposals,34.33,1,2026-07-04,2026-07-04,0,,public_comment,0,no
prj_262,Fort Cherry Development District,PA,washington,proposed,pending,no,,,,,,,2026-03-30,,,,0,,,,,,0,no
prj_263,Starpointe Data Center Project,PA,washington,proposed,pending,no,2026-01-01,year,,,,,2029-03-30,,,800,1,2026-03-31,2026-03-31,0,,zoning_restriction,1,no
prj_264,Champion Data Center Project,PA,washington,preliminary,pending,no,2026-01-01,year,,,,,2032-03-30,300,proposals,,1,2026-03-12,2026-03-12,0,,public_comment,1,no
prj_265,South Annville Township Data Center,PA,lebanon,withdrawn,blocked_confirmed,yes,2026-04-01,month,2026-05-12,"Developer (1235 Martina Drive Owner LLC / Inch & Co.) withdrew the rezoning petition Tuesday afternoon, the day before the scheduled 2026-05-13 supervisors' decision, after the planning commission's 6-0 denial recommendation; web-verified (LebTown 2026-05-13, WHTM/ABC27 2026-05-13, FOX43 2026-05-12, CBS21/local21 2026-05-13)",https://www.abc27.com/local-news/developer-pulls-controversial-lebanon-county-data-center-project/,41,2026-05-11,,,99,2,2026-05-13,2026-05-14,1,,ordinance; project_withdrawal,0,no
prj_266,Newton Township Data Center,PA,lackawanna,rejected,blocked_confirmed,yes,2026-02-01,month,,,,,2026-04-10,,,90,0,,,,,,0,no
prj_267,New Castle Data Center,PA,schuylkill,preliminary,pending,no,2025-01-01,year,,,,,2026-04-15,,,,1,2025-09-10,2025-09-10,0,,zoning_restriction,1,no
prj_268,Watts Township Data Center,PA,perry,proposed,pending,no,2026-03-01,month,,,,,2026-05-09,,,,1,2026-04-01,2026-04-01,0,,public_comment,1,no
prj_269,Project Triboro,PA,lackawanna,delayed,pending,no,2026-04-01,month,,,,,2026-06-22,,,900,1,2026-04-14,2026-04-14,0,,ordinance; zoning_restriction,1,no
prj_270,Linde Clinton Data Center,PA,wayne,proposed,pending,no,2026-04-01,month,,,,,2026-04-30,,,760,0,,,,,,0,no
prj_271,East Brandywine Data Center,PA,chester,preliminary,pending,no,2026-05-01,month,,,,,2026-05-14,,,,0,,,,,,0,no
prj_272,Renaissance Boulevard Data Center Campus,PA,montgomery,proposed,pending,no,2026-03-01,month,,,,,2026-05-20,,,,0,,,,,,0,no
prj_273,600 River Road Data Center,PA,montgomery,proposed,pending,no,2026-05-01,month,,,,,2026-05-20,,,,0,,,,,,0,no
prj_274,3200 Horizon Drive Data Center,PA,montgomery,proposed,pending,no,2026-05-01,month,,,,,2026-05-20,,,,0,,,,,,0,no
prj_275,Smithfield Data Center,RI,providence,preliminary,pending,no,2026-04-01,month,,,,,2026-04-25,,,,2,2026-04-01,2026-05-07,36,,ordinance,0,no
prj_276,Colossus,TN,shelby,operational,advanced_confirmed,yes,2024-01-01,year,,,,,2026-03-28,150,proposals,150,13,2024-08-26,2026-02-11,534,,lawsuit; other_opposition; public_comment; regulatory_action; utility_regulation,8,yes
prj_277,Colossus 2,TN,shelby,construction,advanced_confirmed,yes,2025-01-01,year,,,,,2026-03-28,422,proposals,180,18,2025-03-04,2026-07-14,497,,community_benefit_agreement; infrastructure_opposition; lawsuit; legislation; ordinance; other_opposition; project_withdrawal; public_comment; regulatory_action; study_or_report; zoning_restriction,12,yes
prj_278,ExoticRidge Bitcoin Mine,TN,hawkins,delayed,pending,no,2025-01-01,year,,,,,2026-04-14,8,proposals,,0,,,,,,0,no
prj_279,CleanSpark Mountain City Bitcoin Mine,TN,johnson,withdrawn,blocked_confirmed,yes,2025-01-01,year,,,,,2026-04-26,30,proposals,50,0,,,,,,0,no
prj_280,Gallatin Data Center Expansion,TN,sumner,expansion,advanced_confirmed,yes,2020-01-01,year,,,,,,300,proposals,900,0,,,,,,0,no
prj_281,Neural Nexus Data Center,TN,shelby,proposed,pending,no,2025-12-01,month,,,,,,70,proposals,40,0,,,,,,0,no
prj_282,RadiusDC Nashville I / Trinity Hills Colocation Data Center,TN,davidson,construction,advanced_confirmed,yes,2025-09-01,month,,,,,2026-03-20,12,proposals,12,1,2025-09-09,2025-09-09,0,,public_comment,1,no
prj_283,5C Memphis Data Center,TN,shelby,construction,advanced_confirmed,yes,2025-11-01,month,,,,,,60,proposals,,0,,,,,,0,no
prj_284,Lawrenceburg / Ethridge Data Center,TN,lawrence,preliminary,pending,no,2025-11-01,month,,,,,2026-04-27,,,6.5,0,,,,,,0,no
prj_285,Ridgeline Facility,WV,tucker,proposed,pending,no,2025-08-01,month,,,,,2026-02-04,1656,opposition_events,,2,2026-02-07,2026-03-06,27,,lawsuit; legislation,4,yes
prj_286,"Adams Fork Harless Data Center Energy Campus, Holden",WV,logan,proposed,pending,no,2024-01-01,year,,,,,2026-02-04,2500,proposals,64.27915519,1,2025-09-02,2025-09-02,0,,lawsuit,2,yes
prj_287,"Adams Fork Data Center Energy Campus, Wharncliffe",WV,mingo,proposed,pending,no,2025-01-01,year,,,,,2026-02-04,,,,0,,,,,,0,no
prj_288,Monarch Compute Campus and Mountaineer Gigasystem,WV,mason,proposed,pending,no,2025-01-01,year,,,,,2026-02-04,2000,proposals,2250,0,,,,,,0,no
prj_289,QTS Kearneysville Data Center Complex,WV,jefferson county; berkeley,proposed,pending,no,2025-01-01,year,,,,,2026-02-04,,,300,0,,,,,,0,no
prj_290,Penzance Intelligence Center,WV,berkeley,proposed,pending,no,2026-02-01,month,,,,,2026-02-27,600,proposals,548,1,2026-02-26,2026-02-26,0,,legislation,1,no
prj_291,Google Buffalo Data Center,WV,putnam,preliminary,pending,no,2026-03-01,month,,,,,2026-03-27,,,1700,0,,,,,,0,no
prj_292,Appalachian Mega Site / Hog Lick Data Center,WV,marion,preliminary,pending,no,2025-01-01,year,,,,,2026-05-01,200,proposals,300,0,,,,,,0,no
prj_293,Quakertown Data Center Park,PA,bucks,preliminary,pending,no,2026-05-01,month,,,,,2026-05-23,1000,proposals,175,0,,,,,,0,no
prj_294,Cumru Titus Data Center,PA,berks,preliminary,pending,no,2026-05-01,month,,,,,2026-05-23,200,proposals,,0,,,,,,0,no
prj_295,Nottingham Data Center,NH,rockingham,withdrawn,blocked_confirmed,yes,2026-05-01,month,,,,,2026-06-03,,,40,0,,,,,,0,no
prj_296,Andover Data Center,NJ,sussex,proposed,pending,no,2026-05-01,month,,,,,2026-05-23,,,,0,,,,,,0,no
prj_297,Jailhouse Studios,TN,hamilton,approved,advanced_confirmed,yes,2026-03-01,month,,,,,2026-05-23,,,,1,2026-01-01,2026-01-01,0,,public_comment,1,no
prj_298,Maysville Data Center,KY,mason,approved,advanced_confirmed,yes,2025-08-01,month,2026-05-22,"Mason County Fiscal Court special meeting: final approval of rezoning ordinance (28 properties, ~2,080 acres); web-verified (WKRC 2026-05-22, WEKU 2026-05-26, thejobwalk 2026-06-02)",https://www.weku.org/the-commonwealth/2026-05-26/mason-county-gives-final-approval-on-rezoning-properties-for-data-center-construction,294,2026-05-23,2200,proposals,2080,1,2026-03-27,2026-03-27,0,,lawsuit; public_comment; zoning_restriction,4,yes
prj_299,Albany Kenwood Data Center,NY,albany,proposed,pending,no,2026-05-01,month,,,,,2026-06-03,,,,0,,,,,,0,no
prj_300,Microsoft La Porte Data Center,IN,laporte,construction,advanced_confirmed,yes,2024-01-01,year,,,,,2026-06-03,538,opposition_events,1800,2,2026-04-13,2026-05-18,35,,public_comment; zoning_restriction,1,no
prj_301,JPG Data Center,IN,jefferson,approved,advanced_confirmed,yes,2026-02-01,month,,,,,2026-06-03,,,,0,,,,,,0,no
prj_302,Amazon Wheatfield,IN,jasper,proposed,pending,no,2026-06-01,month,,,,,2026-06-03,,,304,0,,,,,,0,no
prj_303,Granville Data Center,PA,mifflin,proposed,pending,no,2026-05-01,month,,,,,2026-06-03,,,,1,2026-07-14,2026-07-14,0,,infrastructure_opposition; other_opposition,0,no
prj_304,DartPoints Former Lexmark Data Center Redevelopment,KY,fayette,preliminary,pending,no,2026-03-01,month,,,,,2026-06-04,,,,1,2026-06-08,2026-06-08,0,,moratorium; other_opposition,0,no
prj_305,Nashville DC Blox Data Center,TN,davidson,proposed,pending,no,2026-05-01,month,,,,,2026-06-05,,,,1,2026-07-21,2026-07-21,0,,moratorium; ordinance; zoning_restriction,0,no
prj_306,Muskie Data Campus,KY,carter,proposed,pending,no,2026-05-01,month,,,,,2026-06-05,,,285,1,2026-06-02,2026-06-02,0,,other_opposition; public_comment,0,no
prj_307,Muncy Data Center,PA,lycoming,proposed,pending,no,2026-04-01,month,,,,,2026-06-10,,,,0,,,,,,0,no
prj_308,Gemini Sioux Falls Data Center,SD,minnehaha,approved,advanced_confirmed,yes,2025-01-01,year,,,,,2026-06-10,500,proposals,164,1,2025-12-01,2025-12-01,0,,zoning_restriction,2,no
prj_309,Sequitor Edge Rapid City,SD,pennington,proposed,pending,no,2026-02-01,month,,,,,2026-06-10,10,proposals,10,0,,,,,,0,no
prj_310,Polaris Forge 1,ND,dickey,operational,advanced_confirmed,yes,2022-09-01,month,,,,,2026-06-10,400,proposals,,1,2025-08-01,2025-08-01,0,,legislation,1,no
prj_311,Polaris Forge 2,ND,cass,construction,advanced_confirmed,yes,2025-08-01,month,,,,,2026-06-10,1000,proposals,,1,2025-08-25,2025-08-25,0,,public_comment,1,no
prj_312,Applied Digital Oliver County,ND,oliver,proposed,pending,no,2026-02-01,month,,,,,2026-06-10,430,proposals,,1,2024-12-12,2024-12-12,0,,moratorium,1,no
prj_313,River Run Energy Center,ND,mercer,proposed,pending,no,2025-12-01,month,,,,,2026-06-10,1450,proposals,,0,,,,,,0,no
prj_314,Project Fighting Pike,ND,williams,approved,advanced_confirmed,yes,2025-03-01,month,,,,,2026-06-10,455,proposals,300,0,,,,,,0,no
prj_315,Atlas Power Williston,ND,williams,operational,advanced_confirmed,yes,2022-01-01,year,,,,,2026-06-10,700,proposals,,0,,,,,,0,no
prj_316,4-3 Salem Township Data Center,PA,luzerne,preliminary,pending,no,2026-06-01,month,,,,,2026-06-15,3500,proposals,4000,1,2026-03-17,2026-03-17,0,,public_comment,2,no
prj_317,Holyoke Data Center,MA,hampden,proposed,pending,no,2026-06-01,month,,,,,2026-06-16,20,proposals,,1,2026-06-18,2026-06-18,0,,ordinance; zoning_restriction,0,no
prj_318,Project Domino,IN,boone,construction,advanced_confirmed,yes,2024-11-01,month,,,,,2026-06-18,1000,proposals,1400,1,2025-08-01,2025-08-01,0,,public_comment; zoning_restriction,2,no
prj_319,Gravel Pike Data Center,PA,montgomery,proposed,pending,no,2026-06-01,month,,,,,2026-06-20,,,37.476,0,,,,,,0,no
prj_320,Sharon Keel Infrastructure Data Center Expansion,PA,mercer,expansion,advanced_confirmed,yes,2026-04-01,month,,,,,2026-06-23,110,proposals,17,0,,,,,,0,no
prj_321,PNK Valley View Data Center,PA,lackawanna,preliminary,pending,no,2026-07-01,month,,,,,2026-07-16,750,opposition_events,44.5,1,2024-10-01,2024-10-01,0,,zoning_restriction,1,no
prj_321,Harper Road Technology Park,MO,cass,proposed,pending,no,2024-10-01,day,,,,,2026-07-10,750,opposition_events,500,1,2024-10-01,2024-10-01,0,0,zoning_restriction,1,no
prj_322,Province Group Perry Village Data Center Campus,OH,lake,withdrawn,blocked_confirmed,yes,,,,,,,2026-07-10,,,163,1,2025-07-01,2025-07-01,0,,zoning_restriction,1,no
prj_323,Meta Hyperion,LA,richland,construction,advanced_confirmed,yes,2024-12-01,day,,,,,2026-07-10,,,,10,2025-04-04,2026-02-25,327,124,lawsuit; other_opposition; public_comment; regulatory_action; utility_regulation,7,yes
prj_324,Prado AI Industrial Campus,MS,madison,preliminary,pending,no,2026-03-02,day,,,,,2026-07-10,,,,1,2026-07-14,2026-07-14,0,134,moratorium,0,no
prj_325,New Carlisle Chicago Trail Data Center (Third Site),IN,st. joseph,proposed,pending,no,,,,,,,2026-07-10,,,1057,0,,,,,,0,no
prj_326,Project Maize / Google Michigan City Data Center,IN,laporte,construction,advanced_confirmed,yes,2025-01-01,day,,,,,2026-07-10,,,,0,,,,,,0,no
prj_327,Meta Project Everest,LA,richland,proposed,pending,no,2026-03-25,day,,,,,2026-07-10,5200,opposition_events,,1,2026-03-25,2026-03-25,0,0,regulatory_action; utility_regulation,3,no
prj_328,Terra Nexus Custer Avenue Data Center,NC,cumberland,proposed,pending,no,2025-10-01,day,,,,,2026-07-10,200,proposals,,0,,,,,,0,no
prj_329,PRSM Group Cumberland County Data Center,NC,cumberland,preliminary,pending,no,2026-05-18,day,,,,,2026-07-10,225,proposals,50,1,2026-06-15,2026-06-15,0,28,moratorium; public_comment,0,no
prj_330,Project Sail Data Center,GA,coweta,approved,advanced_confirmed,yes,2024-12-01,month,2026-04-07,"Coweta County Board of Commissioners approved the rezoning 3-2 (rural conservation to industrial); web-verified (Atlanta News First 2026-04-08, The Citizen 2026-04-10, DeSmog 2026-04-07)",https://thecitizen.com/2026/04/10/coweta-commissioners-approve-project-sail-data-center-in-3-2-vote/,492,2026-07-13,900,proposals,829,1,2026-06-16,2026-06-16,0,,moratorium; zoning_restriction,3,no
prj_331,Howell Township Data Center (Project Splitrock),MI,livingston,withdrawn,blocked_confirmed,yes,2025-09-01,month,2025-12-08,"Developer (Randee LLC/Stantec) withdrew the rezoning request and zoning text amendment ahead of the Monday 2025-12-08 Howell Township Board meeting; web-verified (Planet Detroit 2025-12-08, FracTracker 2026-01)",https://planetdetroit.org/2025/12/billion-dollar-data-center-paused/,98,2026-07-13,,,1077,1,2025-11-20,2025-11-20,0,,moratorium,2,no
prj_332,Natelli Vance County Data Center,NC,vance,approved,advanced_confirmed,yes,2026-02-01,month,2026-04-20,"Vance County Board of Commissioners approved the rezoning 6-1 at a special-called meeting; web-verified (WRAL 2026-04-20, Henderson Dispatch 2026-06-06, Hoodline 2026-04-30)",https://www.wral.com/news/local/vance-county-board-approves-rezoning-potential-data-center-development-april-2026/,78,2026-07-14,,,113,1,2026-04-20,2026-04-20,0,,zoning_restriction,0,no
