priority,seen_date,query_label,title,domain,url,mechanism_hint,county,state,location_confidence,county_already_tracked,harvested_on
9.0,2026-07-24,organizing,Project Taurus / Planning Commission public meeting : Live updates on proposed Colorado Springs data center ; Raeden CEO speaks,gazette.com,https://gazette.com/2026/07/23/project-taurus-planning-commission-public-meeting-live-updates-on-proposed-colorado-springs-data-center-raeden-ceo-speaks/,public_comment,Colorado,TX,high,no,2026-07-24
8.86,2026-07-23,organizing,Charleston planners propose data center moratorium,clevelandbanner.com,https://www.clevelandbanner.com/news/charleston-planners-propose-data-center-moratorium/article_59eb0899-22c1-51bc-b80f-b90408218bbb.html,moratorium,Charleston,SC,medium,no,2026-07-24
7.86,2026-07-23,organizing,"Arizona lawmakers passed a three year moratorium on data center tax breaks to slow the industry down , and in the two weeks before it took effect developers filed nearly as many applications as they had in the previous thirteen years combined",dmnews.com,https://dmnews.com/n-arizona-lawmakers-passed-a-three-year-moratorium-on-data-center-tax-breaks-to-slow-the-industry-down-and-in-the-two-weeks-before-it-took-effect-developers/,moratorium,,AZ,state_only,no,2026-07-24
7.36,2026-07-23,organizing,Public hearing set Aug . 31 for McKean County land development ordinance,bradfordera.com,https://www.bradfordera.com/2026/07/23/public-hearing-set-aug-31-mckean-county-land-development-ordinance/,ordinance; public_comment,McKean,PA,medium,no,2026-07-24
7.21,2026-07-22,organizing,Data center ordinance moves forward after debate | The Victoria Advocate,victoriaadvocate.com,https://victoriaadvocate.com/2026/07/22/data-center-rules-advance-amid-resident-concerns/,ordinance,Victoria,TX,medium,no,2026-07-24
7.21,2026-07-22,organizing,Augusta Township voters to decide fate of data center rezoning,wemu.org,https://www.wemu.org/wemu-news/2026-07-22/augusta-township-voters-to-decide-fate-of-data-center-rezoning,zoning_restriction,Augusta,VA,medium,no,2026-07-24
6.86,2026-07-23,organizing,No data center moratorium in Henderson : What happens next,news3lv.com,https://news3lv.com/news/local/no-data-center-moratorium-in-henderson-what-happens-next,moratorium,Henderson,,low,no,2026-07-24
6.71,2026-07-22,organizing,Twelve Month Moratorium Approved for White County – WRUL - FM,wrul.com,https://www.wrul.com/local-news/twelve-month-moratorium-approved-for-white-county/,moratorium,White,,low,no,2026-07-24
6.71,2026-07-22,organizing,Montgomery County to review moratorium on data center permits,fox5dc.com,https://www.fox5dc.com/news/montgomery-county-review-moratorium-data-center-permits,moratorium,Montgomery,,low,no,2026-07-24
6.71,2026-07-22,organizing,Caroline County commissioners approve a one - year moratorium on new data centers,wboc.com,https://www.wboc.com/news/caroline-county-commissioners-approve-a-one-year-moratorium-on-new-data-centers/article_e2b4c188-c810-4704-a33a-d95e0e029f28.html,moratorium,Caroline,,low,no,2026-07-24
6.71,2026-07-22,organizing,Bartlesville Radio » News » Montgomery County Commission Defeats Data Center Moratorium,bartlesvilleradio.com,https://bartlesvilleradio.com/pages/news/502792026/montgomery-county-commission-defeats-data-center-moratorium,moratorium,Montgomery,,low,no,2026-07-24
6.71,2026-07-22,organizing,Lowndes County residents continue to push for data center moratorium,wtxl.com,https://www.wtxl.com/news/local-news/in-your-neighborhood/lowndes-county/lowndes-county-residents-continue-to-push-for-data-center-moratorium,moratorium,Lowndes,,low,no,2026-07-24
6.36,2026-07-23,organizing,North Port schedules data center moratorium vote,wslr.org,https://wslr.org/north-port-schedules-data-center-moratorium-vote/,moratorium,,,none,no,2026-07-24
6.36,2026-07-23,organizing,Spartanburg County defends data center process amid lawsuit,postandcourier.com,https://www.postandcourier.com/spartanburg/news/spartanburg-county-data-center-lawsuit-northmark-valara/article_9d7d957b-7bd3-4253-9c6c-bc79d3271320.html,lawsuit,Spartanburg,SC,medium,yes,2026-07-24
6.36,2026-07-23,organizing,"Gov . Hochul Responds to Criticism , Explains Rationale for AI Data Center Moratorium",theepochtimes.com,https://www.theepochtimes.com/us/gov-hochul-responds-to-criticism-explains-rationale-for-ai-data-center-moratorium-6066097,moratorium,,,none,no,2026-07-24
6.21,2026-07-22,organizing,Stokes data center developer submits new rezoning application,whqr.org,https://www.whqr.org/2026-07-22/stokes-data-center-developer-submits-new-rezoning-application,zoning_restriction,Stokes,NC,medium,yes,2026-07-24
6.21,2026-07-22,organizing,Chamblee council approves data center development moratorium,decaturish.com,https://www.decaturish.com/news/dekalb/chamblee-council-approves-data-center-development-moratorium/article_a3849de1-f4c0-4d0f-94c7-ec7719163768.html,moratorium,,,none,no,2026-07-24
6.21,2026-07-22,organizing,North Port City Commissioners to continue talks regarding data center moratorium next month,wgcu.org,https://www.wgcu.org/government-politics/2026-07-22/north-port-city-commissioners-to-continue-talks-regarding-data-center-moratorium-next-month,moratorium,,,none,no,2026-07-24
6.21,2026-07-22,organizing,Milton to consider 18 - month data center moratorium,gazettextra.com,http://www.gazettextra.com/news/milton-to-consider-18-month-data-center-moratorium/article_13dd8fbb-cb26-43bf-9573-d8a6bb6931a2.html,moratorium,,,none,no,2026-07-24
6.21,2026-07-22,organizing,County Passes 6 - Month Data Center Moratorium,yankton.net,https://www.yankton.net/community/article_77f0cd48-dbbc-4f5d-9f5b-56b709da8a36.html,moratorium,,,none,no,2026-07-24
5.86,2026-07-23,organizing,"Hearty Strip resort approved , Henderson data centers and Colorado River rules",knpr.org,https://knpr.org/daily-rundown/2026-07-23/hearty-strip-resort-approved-henderson-data-centers-and-colorado-river-rules,,Colorado,TX,high,no,2026-07-24
5.71,2026-07-22,organizing,"Back on track ? Texas employment growth will return to long - term norm this year , Dallas Fed projects",texarkanagazette.com,https://www.texarkanagazette.com/news/2026/jul/22/back-on-track-texas-employment-growth-will-return/,,Dallas,TX,high,no,2026-07-24
5.71,2026-07-22,organizing,Charlestown approves $105 million data center despite heavy opposition – Inside INdiana Business,insideindianabusiness.com,https://www.insideindianabusiness.com/articles/charlestown-approves-105-million-data-center-despite-heavy-opposition,,Indiana,PA,high,no,2026-07-24
5.71,2026-07-22,organizing,Kansas City could get a 20 - story data center in the heart of downtown . Here what we know,kcur.org,https://www.kcur.org/politics-elections-and-government/2026-07-22/kansas-city-downtown-data-center-western-newspaper-union-quality-hill-20-story,,Story,IA,high,no,2026-07-24
5.36,2026-07-23,organizing,Rezoning study offers first glimpse of redevelopment options for Hampshire College campus,recorder.com,https://recorder.com/2026/07/23/hampshire-college-campus-rezoning-study/,zoning_restriction,Hampshire,,low,no,2026-07-24
5.36,2026-07-23,organizing,Graham Council Urged to Wait On Legislature for Data Center Rules,olneyenterprise.com,https://www.olneyenterprise.com/news/graham-council-urged-wait-legislature-data-center-rules,legislation,Graham,,low,no,2026-07-24
5.36,2026-07-23,organizing,Public hearing for Morton County planning and zoning commission about data centers,kfyrtv.com,https://www.kfyrtv.com/2026/07/23/public-hearing-morton-county-planning-zoning-commission-about-data-centers/,zoning_restriction; public_comment,Morton,,low,no,2026-07-24
5.36,2026-07-23,organizing,Johnson County proposes stricter data center ordinance,kcrg.com,https://www.kcrg.com/2026/07/23/johnson-county-proposes-stricter-data-center-ordinance/,ordinance,Johnson,,low,no,2026-07-24
5.21,2026-07-22,organizing,Rezoning study offers first glimpse of redevelopment options for Hampshire College campus,gazettenet.com,https://gazettenet.com/2026/07/22/rezoning-study-offers-first-glimpse-of-redevelopment-options-for-hampshire-college-campus/,zoning_restriction,Hampshire,,low,no,2026-07-24
5.0,2026-07-24,organizing,Packed meeting on data center draft ordinance ; Possible data center coming to Mandan,kfyrtv.com,https://www.kfyrtv.com/2026/07/23/packed-meeting-data-center-draft-ordinance-possible-data-center-coming-mandan/,ordinance,,,none,no,2026-07-24
4.86,2026-07-23,organizing,West Donegal Township advances zoning change to regulate data centers,lancasteronline.com,https://lancasteronline.com/news/regional/west-donegal-township-advances-zoning-change-to-regulate-data-centers/article_5dd01688-2a35-4633-a1c9-dfc8b033c0f4.html,zoning_restriction,,,none,no,2026-07-24
4.86,2026-07-23,organizing,West Rockhill Supervisors approve amended data center ordinance as first application is filed,thereporteronline.com,https://www.thereporteronline.com/2026/07/23/west-rockhill-supervisors-approve-amended-data-center-ordinance-as-first-application-is-filed/,ordinance,,,none,no,2026-07-24
4.86,2026-07-23,organizing,"Sean McCann took $57 , 600 from DTE Energy while backing rate hike bill",foxnews.com,https://www.foxnews.com/politics/dem-supported-green-new-deal-receiving-nearly-60k-energy-groups-now-wants-congressional-seat,legislation,,,none,no,2026-07-24
4.86,2026-07-23,organizing,Appeal hearing for Project Taurus Data Center happening Thursday,koaa.com,https://www.koaa.com/news/local-news/project-taurus-data-center/public-hearing-on-project-taurus-data-cetner-expected-to-draw-crowd-at-ent-center,lawsuit,,,none,no,2026-07-24
4.86,2026-07-23,organizing,"Oklahoma AI Data Center Project Raises Water Use , Transparency Concerns",shtfplan.com,https://www.shtfplan.com/headline-news/oklahoma-ai-data-center-project-raises-water-use-transparency-concerns,,Oklahoma,OK,high,yes,2026-07-24
4.86,2026-07-23,organizing,"If you oppose annexation for future data centers , sign the petition",wyomingnews.com,http://www.wyomingnews.com/opinion/letters_to_editor/if-you-oppose-annexation-for-future-data-centers-sign-the-petition/article_539c59cb-352b-4a03-b4fc-1eb94798c52f.html,other_opposition,,,none,no,2026-07-24
4.86,2026-07-23,organizing,Appeal meeting for controversial  Project Tauru proposition set for Thursday,kktv.com,https://www.kktv.com/2026/07/23/appeal-meeting-controversial-project-taurus-proposition-set-thursday/,lawsuit,,,none,no,2026-07-24
4.86,2026-07-23,organizing,"If you oppose annexation for future data centers , sign the petition",wyomingnews.com,https://www.wyomingnews.com/laramieboomerang/opinion/letters_to_editor/if-you-oppose-annexation-for-future-data-centers-sign-the-petition/article_539c59cb-352b-4a03-b4fc-1eb94798c52f.html,other_opposition,,,none,no,2026-07-24
4.86,2026-07-23,organizing,"Oklahoma AI Data Center Project Raises Water Use , Transparency Concerns – NaturalNews . com",naturalnews.com,https://www.naturalnews.com/2026-07-22-oklahoma-ai-data-center-water-use-concerns.html,,Oklahoma,OK,high,yes,2026-07-24
4.71,2026-07-22,organizing,Covina City Council tweaks public comment guidelines,sgvtribune.com,https://www.sgvtribune.com/2026/07/22/covina-city-council-tweaks-public-comment-guidelines/,public_comment,,,none,no,2026-07-24
4.71,2026-07-22,organizing,Report : Emporia citizen petition to ban high - impact data centers validated,wibw.com,https://www.wibw.com/2026/07/21/report-emporia-citizen-petition-ban-high-impact-data-centers-validated/,other_opposition,,,none,no,2026-07-24
4.5,2026-07-24,organizing,Firm buys land in Ransom Twp . for hyperscale data center campus,thetimes-tribune.com,https://www.thetimes-tribune.com/2026/07/23/firm-buys-land-in-ransom-twp-for-hyperscale-data-center-campus/,,Ransom,ND,medium,no,2026-07-24
4.36,2026-07-23,organizing,"Future regional power supply down , but not out",sanfordherald.com,https://www.sanfordherald.com/news/state/future-regional-power-supply-down-but-not-out/article_0a61c977-a9e3-559a-89ab-0a7764a4c2f1.html,,Power,ID,medium,no,2026-07-24
4.36,2026-07-23,organizing,Developer sues Andover as more NJ towns ban data centers,nj1015.com,https://nj1015.com/nj-data-center-lawsuit-andover/,,Towns,GA,medium,no,2026-07-24
4.36,2026-07-23,organizing,Columbus City Council pursues data center rules despite ban demands,wyso.org,https://www.wyso.org/2026-07-23/columbus-city-council-to-pursue-data-center-regulations-instead-of-ban-despite-community-demands,,Columbus,NC,medium,no,2026-07-24
4.36,2026-07-23,organizing,Confidentiality agreements roil Lower Mount Bethel data center debate,mcall.com,https://www.mcall.com/2026/07/23/lower-mount-bethel-nondisclosure-agreements/,,Bethel,AK,medium,no,2026-07-24
4.36,2026-07-23,organizing,"Data center opponents say Columbus proposal is a start , but falls short",yahoo.com,https://www.yahoo.com/news/politics/articles/data-center-opponents-columbus-proposal-021053172.html,,Columbus,NC,medium,no,2026-07-24
4.36,2026-07-23,organizing,Wallace confident in fight for Meuser congress seat,suncommercial.com,https://www.suncommercial.com/banner_graphic/news/national/article_a62847e6-cd6e-58e2-b0ce-59b76641d9a4.html,,Wallace,KS,medium,no,2026-07-24
4.36,2026-07-23,organizing,Company retracts proposal for data center near Ceder Creek Lake,kltv.com,https://www.kltv.com/2026/07/22/company-retracts-proposal-data-center-near-ceder-creek-lake/,,Creek,OK,medium,no,2026-07-24
4.36,2026-07-23,organizing,Wallace confident in fight for Meuser congress seat,purdueexponent.org,https://www.purdueexponent.org/news/national/wallace-confident-in-fight-for-meusers-congress-seat/article_38b56989-4f49-50eb-895c-378edddab4bb.html,,Wallace,KS,medium,no,2026-07-24
4.36,2026-07-23,organizing,Wallace confident in fight for Meuser congress seat,advocateanddemocrat.com,http://www.advocateanddemocrat.com/news/national/article_499a93e0-5402-511c-aa26-0d60c8154d09.html,,Wallace,KS,medium,no,2026-07-24
4.36,2026-07-23,organizing,Wallace confident in fight for Meuser congress seat,wyomingnews.com,http://www.wyomingnews.com/news/national/wallace-confident-in-fight-for-meusers-congress-seat/article_890958f6-2e46-55a1-b9f0-a7329976e515.html,,Wallace,KS,medium,no,2026-07-24
4.36,2026-07-23,organizing,Report : Data centers set to eat up 20 % of US power by 2035,signalscv.com,https://signalscv.com/2026/07/report-data-centers-set-to-eat-up-20-of-us-power-by-2035/,,Power,ID,medium,no,2026-07-24
4.36,2026-07-23,organizing,Caught On Tape : Midwest Continental Divide Trail opponent interest in data centers,wndu.com,https://www.wndu.com/2026/07/22/caught-tape-midwest-continental-divide-trail-opponents-interest-data-centers/,,Divide,ND,medium,no,2026-07-24
4.36,2026-07-23,organizing,Wallace confident in fight for Meuser congress seat,suncommercial.com,https://www.suncommercial.com/gcdailyworld/news/national/article_a62847e6-cd6e-58e2-b0ce-59b76641d9a4.html,,Wallace,KS,medium,no,2026-07-24
4.21,2026-07-22,organizing,Wallace confident in fight for Meuser congress seat,mykxlg.com,https://www.mykxlg.com/news/national/wallace-confident-in-fight-for-meusers-congress-seat/article_12f82587-e509-59cb-a3d2-9eba229ed4e6.html,,Wallace,KS,medium,no,2026-07-24
4.21,2026-07-22,organizing,Wallace confident in fight for Meuser congress seat,voiceofalexandria.com,https://www.voiceofalexandria.com/news/national/wallace-confident-in-fight-for-meusers-congress-seat/article_33d16f28-f09d-504d-bd86-27f92055752c.html,,Wallace,KS,medium,no,2026-07-24
4.21,2026-07-22,organizing,Wallace confident in fight for Meuser congress seat,grandrapidsmn.com,http://www.grandrapidsmn.com/around_the_web/news/wallace-confident-in-fight-for-meusers-congress-seat/article_12011553-779c-59a1-a4d9-a099d6051341.html,,Wallace,KS,medium,no,2026-07-24
4.21,2026-07-22,organizing,Wallace confident in fight for Meuser congress seat,fairfieldsuntimes.com,https://www.fairfieldsuntimes.com/news/national/wallace-confident-in-fight-for-meusers-congress-seat/article_8d000ba0-77b8-5052-bf96-2be912e34a64.html,,Wallace,KS,medium,no,2026-07-24
4.21,2026-07-22,organizing,Wallace confident in fight for Meuser congress seat,southernminn.com,http://www.southernminn.com/around_the_web/news/wallace-confident-in-fight-for-meusers-congress-seat/article_9825cbee-117e-5b10-b87b-199667ee1df6.html,,Wallace,KS,medium,no,2026-07-24
4.21,2026-07-22,organizing,Wallace confident in fight for Meuser congress seat,ashleycountyledger.com,https://www.ashleycountyledger.com/news/national/wallace-confident-in-fight-for-meusers-congress-seat/article_2c1abfed-b1ee-5bb8-865d-a0376bd93ac6.html,,Wallace,KS,medium,no,2026-07-24
4.21,2026-07-22,organizing,Wallace confident in fight for Meuser congress seat,lebanondemocrat.com,https://www.lebanondemocrat.com/hartsville/news/national/wallace-confident-in-fight-for-meusers-congress-seat/article_b6f2ff88-1a20-508f-b59f-1e299c733564.html,,Wallace,KS,medium,no,2026-07-24
4.21,2026-07-22,organizing,Wallace confident in fight for Meuser congress seat,jacksonprogress-argus.com,https://www.jacksonprogress-argus.com/news/world_nation/wallace-confident-in-fight-for-meusers-congress-seat/article_1ff985cd-98ae-569f-ae1a-dcf6f6e70878.html,,Wallace,KS,medium,no,2026-07-24
4.21,2026-07-22,organizing,Wallace confident in fight for Meuser congress seat,averyjournal.com,http://www.averyjournal.com/news/national/wallace-confident-in-fight-for-meusers-congress-seat/article_8f8aab4d-29ed-5bd5-9c44-4d73e2a406f4.html,,Wallace,KS,medium,no,2026-07-24
4.21,2026-07-22,organizing,A Panel Discussion About Growth Corridors Across the Southeast - Greenville Business Magazine,greenvillebusinessmag.com,"http://www.greenvillebusinessmag.com/stories/a-panel-discussion-about-growth-corridors-across-the-southeast,49402",,Greenville,SC,medium,no,2026-07-24
4.21,2026-07-22,organizing,Confidentiality agreements roil Lower Mount Bethel data center debate,mcall.com,https://www.mcall.com/2026/07/22/lower-mount-bethel-nondisclosure-agreements/,,Bethel,AK,medium,no,2026-07-24
4.21,2026-07-22,organizing,Tulare County Fair Board Tables Proposed Emergency - Resilience System After Public Opposition,kmjnow.com,https://www.kmjnow.com/2026/07/22/tulare-county-fair-board-tables-proposed-emergency-resilience-system-after-public-opposition/,,Tulare,CA,medium,no,2026-07-24
4.21,2026-07-22,organizing,I On Politics - Queens Gazette,qgazette.com,https://www.qgazette.com/articles/i-on-politics-502/,,Queens,NY,medium,no,2026-07-24
4.21,2026-07-22,organizing,Posey County Residents Worried About Data Center,wiky.com,https://wiky.com/2026/07/22/1145161/,,Posey,IN,medium,no,2026-07-24
4.21,2026-07-22,organizing,Tulare County Fair board tables proposed emergency - resilience system after public opposition,abc30.com,https://abc30.com/post/tulare-county-fair-board-tables-proposed-emergency-resilience-system-public-opposition/19554096/,,Tulare,CA,medium,no,2026-07-24
4.21,2026-07-22,organizing,Tulare County Fair board tables proposed emergency - resilience system after public opposition,yahoo.com,https://www.yahoo.com/news/us/articles/tulare-county-fair-board-tables-061309345.html,,Tulare,CA,medium,no,2026-07-24
3.5,2026-07-24,organizing,Uinta County Commission approves man camp permit,wyomingnews.com,http://www.wyomingnews.com/news/local_news/uinta-county-commission-approves-man-camp-permit/article_754d475d-aa3b-4e5d-983b-f530385ab916.html,,Uinta,WY,medium,yes,2026-07-24
3.5,2026-07-24,organizing,Capitol Fax . com - Your Illinois News Radar » Isabel afternoon roundup,capitolfax.com,https://capitolfax.com/2026/07/23/isabel%E2%80%99s-afternoon-roundup-562/,,,IL,state_only,no,2026-07-24
3.5,2026-07-24,organizing,Spartanburg residents say data center construction is already disrupting their lives,foxcarolina.com,https://www.foxcarolina.com/2026/07/23/spartanburg-residents-say-data-center-construction-is-already-disrupting-their-lives/,,Spartanburg,SC,medium,yes,2026-07-24
3.5,2026-07-24,organizing,Neighbors say noise from Michigan data center is 24 / 7 and upending their lives,wxyz.com,https://www.wxyz.com/news/voices/neighbors-say-noise-from-michigan-data-center-is-24-7-and-upending-their-lives,,,MI,state_only,no,2026-07-24
3.36,2026-07-23,organizing,"Expletives , fear and anger : A data center fight turns nasty in Boulder City",elynews.com,https://elynews.com/2026/07/23/expletives-fear-and-anger-a-data-center-fight-turns-nasty-in-boulder-city/,,Boulder,CO,medium,yes,2026-07-24
3.36,2026-07-23,organizing,Data centers vs . warehouses is Southeast Georgia new growth debate,effinghamherald.net,https://www.effinghamherald.net/data-centers/data-centers-vs-warehouses-is-southeast-georgias-new-growth-debate/,,,GA,state_only,no,2026-07-24
3.36,2026-07-23,organizing,California High School Student Rails Against Planned Data Center In City Council Rant,tmz.com,https://www.tmz.com/2026/07/23/california-teen-rants-about-ai-data-centers-city-council/,,,CA,state_only,no,2026-07-24
3.36,2026-07-23,organizing,Data centers are a hot topic for Michigan gubernatorial candidates,wwmt.com,https://wwmt.com/news/michigan-politics/data-centers-hot-topic-michigan-gubernatorial-candidates-nominations-republican-democrat-study-effects-development-energy-electricity-rates-customers-consumers,,,MI,state_only,no,2026-07-24
3.36,2026-07-23,organizing,South Carolina lawmakers reach budget deal after weeks of negotiations,wrdw.com,https://www.wrdw.com/2026/07/23/south-carolina-lawmakers-reach-budget-deal-after-weeks-negotiations/,,,SC,state_only,no,2026-07-24
3.36,2026-07-23,organizing,Young County Commissioners Court,olneyenterprise.com,https://www.olneyenterprise.com/news/young-county-commissioners-court-0,,Young,TX,medium,yes,2026-07-24
3.36,2026-07-23,organizing,Shackelford County judge responds to backlash over second proposed data center,ktxs.com,https://ktxs.com/news/local/shackelford-county-judge-responds-to-backlash-over-second-proposed-data-center,,Shackelford,TX,medium,yes,2026-07-24
3.36,2026-07-23,organizing,"Letters to the editor 7 / 23 / 26 - Illinois Times , the capital city weekly source of news , politics , arts , entertainment , culture",illinoistimes.com,https://www.illinoistimes.com/news-opinion/letterstotheeditor/letters-to-the-editor-7-23-26/,,,IL,state_only,no,2026-07-24
3.36,2026-07-23,organizing,"Ohio EPA Rejects Statewide Data Center Water Discharge Permit After 7 , 000 Public Comments",wowo.com,https://wowo.com/ohio-epa-rejects-statewide-data-center-water-discharge-permit-after-7000-public-comments/,,,OH,state_only,no,2026-07-24
3.36,2026-07-23,organizing,Michigan Republican Primary candidates take on data centers at Cass County Commission meeting,abc57.com,https://www.abc57.com/news/michigan-republican-primary-candidates-take-on-data-centers-at-cass-county-commission-meeting,,,MI,state_only,no,2026-07-24
3.36,2026-07-23,organizing,Stokes County paves way for data center development,elkintribune.com,https://www.elkintribune.com/news/local/stokes-county-paves-way-for-data-center-development/article_a9afba68-be9b-5692-bb54-ebca9d7a9d29.html,,Stokes,NC,medium,yes,2026-07-24
3.21,2026-07-22,organizing,Stokes County paves way for data center development,mtairynews.com,https://www.mtairynews.com/apg_sister_paper/stokes/stokes-county-paves-way-for-data-center-development/article_635770ce-b1e0-5c9f-a99a-9760f485409a.html,,Stokes,NC,medium,yes,2026-07-24
3.21,2026-07-22,organizing,Maryland School Board Calls for Data Center Buffer Zone,govtech.com,https://www.govtech.com/education/k-12/maryland-school-board-calls-for-data-center-buffer-zone,,,MD,state_only,no,2026-07-24
3.21,2026-07-22,organizing,"Prince William supervisors advance plans for 3 , 000 new homes | Prince William",insidenova.com,https://www.insidenova.com/news/prince_william/prince-william-supervisors-advance-plans-for-nearly-4-000-new-homes-in-rural-west/article_f0e3180b-2878-46f8-bb81-0cce9648491e.html,,Prince William,VA,medium,yes,2026-07-24
3.21,2026-07-22,organizing,"End run for data center developer - Illinois Times , the capital city weekly source of news , politics , arts , entertainment , culture",illinoistimes.com,https://www.illinoistimes.com/news/end-run-for-data-center-developer/,,,IL,state_only,no,2026-07-24
3.21,2026-07-22,organizing,"Downtown Kansas City , MO , data center proposal sparks concern from neighbors",kshb.com,https://www.kshb.com/news/local-news/kansas/johnson-county/downtown-kansas-city-missouri-data-center-proposal-sparks-concern-from-neighbors,,,KS,state_only,no,2026-07-24
3.21,2026-07-22,organizing,Uncertain congressional map hangs over Missouri crowded 5th District GOP primary,sedaliademocrat.com,"http://sedaliademocrat.com/stories/uncertain-congressional-map-hangs-over-missouris-crowded-5th-district-gop-primary,53529",,,MO,state_only,no,2026-07-24
3.21,2026-07-22,organizing,"Michigan City Council tables utility fund , Flock camera expansion",abc57.com,https://www.abc57.com/news/michigan-citys-council-tables-utility-fund-flock-camera-expansion,,,MI,state_only,no,2026-07-24
3.21,2026-07-22,organizing,Data centers and property rights : What Michigan residents need to know,wnem.com,https://www.wnem.com/2026/07/21/data-centers-property-rights-what-michigan-residents-need-know/,,,MI,state_only,no,2026-07-24
3.21,2026-07-22,organizing,Meet the Democrats running to be Michigan next governor – 9and10News . com,9and10news.com,https://www.9and10news.com/2026/07/21/meet-the-democrats-running-to-be-michigans-next-governor/,,,MI,state_only,no,2026-07-24
3.21,2026-07-22,organizing,"Starwood Advances 226K - SF Data Center in Fairfax County , Va .",commercialobserver.com,https://commercialobserver.com/2026/07/starwood-data-center-virginia/,,Fairfax,VA,medium,yes,2026-07-24
2.5,2026-07-24,organizing,Democrats seize on AI data center backlash that dividing rural Republicans in places like Texas,timesfreepress.com,https://www.timesfreepress.com/news/2026/jul/23/democrats-seize-on-ai-data-center-backlash-thats-dividing-rural-republicans-in-places-like-texas-tfp/,,Texas,,low,no,2026-07-24
2.5,2026-07-24,organizing,"White House Pledge : AI Data Centers Agree To Fund Their Own Power , Not Ratepayers",wbap.com,https://www.wbap.com/2026/07/23/white-house-pledge-ai-data-centers-agree-to-fund-their-own-power-not-ratepayers/,,White,,low,no,2026-07-24
2.5,2026-07-24,organizing,Data Center Developer Withdraws East Texas Project After Failing To Meet Abbott Standards,wbap.com,https://www.wbap.com/2026/07/23/data-center-developer-withdraws-east-texas-project-after-failing-to-meet-abbotts-standards/,,Texas,,low,no,2026-07-24
2.5,2026-07-24,organizing,Complaint alleges Franklin Co . leaders violated open government laws in data center talks,wset.com,https://wset.com/news/local/complaint-alleges-franklin-county-leaders-violated-open-government-laws-in-data-center-talks-july-2026,,Franklin,,low,no,2026-07-24
2.5,2026-07-24,organizing,Gov . Abbott : East Texas Data Center Failed To Meet Standards,kkyr.com,https://kkyr.com/diode-data-center-project-withdrawn/,,Texas,,low,no,2026-07-24
2.5,2026-07-24,organizing,Gov . Abbott : East Texas Data Center Failed To Meet Standards,kfox95.com,https://kfox95.com/ixp/152/p/diode-data-center-project-withdrawn/,,Texas,,low,no,2026-07-24
2.5,2026-07-24,organizing,Where do gubernatorial candidates Jones and Tuberville stand on data centers ?,waff.com,https://www.waff.com/2026/07/23/where-do-gubernatorial-candidates-jones-tuberville-stand-data-centers/,,Jones,,low,no,2026-07-24
2.36,2026-07-23,organizing,Democrats seize on AI data center backlash that dividing rural Republicans in places like Texas,eldoradonews.com,https://www.eldoradonews.com/news/2026/jul/23/democrats-seize-on-ai-data-center-backlash-thats/,,Texas,,low,no,2026-07-24
2.36,2026-07-23,organizing,"Columbia County board chief joins Trump , hails data center deal",wrdw.com,https://www.wrdw.com/2026/07/23/columbia-county-board-chairman-joins-trump-epa-event/,,Columbia,,low,no,2026-07-24
2.36,2026-07-23,organizing,Marion County to hold workshop on how to handle future data center proposals,wcjb.com,https://www.wcjb.com/2026/07/23/marion-county-hold-workshop-how-handle-future-data-center-proposals/,,Marion,,low,no,2026-07-24
2.36,2026-07-23,organizing,Democrats seize on AI data center backlash that dividing rural Republicans in places like Texas,texarkanagazette.com,https://www.texarkanagazette.com/news/2026/jul/23/democrats-seize-on-ai-data-center-backlash-thats/,,Texas,,low,no,2026-07-24
2.36,2026-07-23,organizing,"As data centers flood Wyoming , water pollution fouls good faith",greenriverstar.com,https://www.greenriverstar.com/story/2026/07/23/news/as-data-centers-flood-wyoming-water-pollution-fouls-good-faith/14097.html,,Wyoming,,low,no,2026-07-24
2.36,2026-07-23,organizing,OpenAI Plans $20B Data Center in Effingham County - Effingham Herald,effinghamherald.net,https://www.effinghamherald.net/data-centers/openai-plans-20b-data-center-in-effingham-county/,,Effingham,,low,no,2026-07-24
2.36,2026-07-23,organizing,East Texas data center withdraws after falling short of the Governor directives,newschannel6now.com,https://www.newschannel6now.com/2026/07/23/east-texas-data-center-withdraws-after-falling-short-governors-directives/,,Texas,,low,no,2026-07-24
2.36,2026-07-23,organizing,Texas Data Center Withdraws After Falling Short Of Standards,sanangelolive.com,https://sanangelolive.com/news/texas/2026-07-23/texas-data-center-withdraws-after-falling-short-standards,,Texas,,low,no,2026-07-24
2.36,2026-07-23,organizing,James Talarico Unveils Texas Data Center Crackdown Plan : List of Proposals,newsweek.com,https://www.newsweek.com/james-talarico-unveils-texas-data-center-crackdown-plan-list-of-proposals-12235397,,Texas,,low,no,2026-07-24
2.36,2026-07-23,organizing,Democrats seize on AI data center backlash that dividing rural Republicans in places like Texas,kob.com,https://www.kob.com/ap-top-news/democrats-seize-on-ai-data-center-backlash-thats-dividing-rural-republicans-in-places-like-texas/,,Texas,,low,no,2026-07-24
2.36,2026-07-23,organizing,OpenAI plans $20B data center in Effingham - Coastal Courier,coastalcourier.com,https://coastalcourier.com/news/openai-plans-20b-data-center-in-effingham/,,Effingham,,low,no,2026-07-24
2.36,2026-07-23,organizing,Liberty Township residents will get to weigh in on future data centers,wyso.org,https://www.wyso.org/2026-07-22/liberty-township-data-centers-butler-county,,Liberty,,low,no,2026-07-24
2.36,2026-07-23,organizing,Franklin County residents demand transparency on data center negotiations,wdbj7.com,https://www.wdbj7.com/2026/07/23/franklin-county-residents-demand-transparency-data-center-negotiations/,,Franklin,,low,no,2026-07-24
2.36,2026-07-23,organizing,Democrats seize on AI data center backlash that dividing rural Republicans in places like Texas,idahostatejournal.com,http://www.idahostatejournal.com/news/national/democrats-seize-on-ai-data-center-backlash-thats-dividing-rural-republicans-in-places-like-texas/article_8eb31345-873a-5f71-b68b-be782e1766db.html,,Texas,,low,no,2026-07-24
2.36,2026-07-23,organizing,Liberty Township residents will get to weigh in on future data centers,wysu.org,https://wysu.org/ohio-news/2026-07-22/liberty-township-data-centers-butler-county,,Liberty,,low,no,2026-07-24
2.36,2026-07-23,organizing,Democrats try to harness data center backlash that dividing rural Republicans in places like Texas,cecildaily.com,http://www.cecildaily.com/ap/nation/democrats-try-to-harness-data-center-backlash-thats-dividing-rural-republicans-in-places-like-texas/article_beeb3a49-d2e7-5537-b3fe-331700cdf281.html,,Texas,,low,no,2026-07-24
2.36,2026-07-23,organizing,Democrats try to harness data center backlash that dividing rural Republicans in places like Texas,postregister.com,http://www.postregister.com/businessreport/business/democrats-try-to-harness-data-center-backlash-thats-dividing-rural-republicans-in-places-like-texas/article_cfe5a86f-7a45-5111-af68-5a34eb49b4a3.html,,Texas,,low,no,2026-07-24
2.36,2026-07-23,organizing,Democrats try to harness data center backlash that dividing rural Republicans in places like Texas,mymotherlode.com,https://mymotherlode.com/news/national/general-election/11010422/democrats-try-to-harness-data-center-backlash-thats-dividing-rural-republicans-in-places-like-texas.html,,Texas,,low,no,2026-07-24
2.36,2026-07-23,organizing,Democrats try to harness data center backlash that dividing rural Republicans in places like Texas,stardem.com,http://www.stardem.com/ap/nation/democrats-try-to-harness-data-center-backlash-thats-dividing-rural-republicans-in-places-like-texas/article_d46d1931-491c-5be0-aae2-fde8cbe18fd3.html,,Texas,,low,no,2026-07-24
2.36,2026-07-23,organizing,Democrats try to harness data center backlash that dividing rural Republicans in places like Texas,ksat.com,https://www.ksat.com/news/politics/2026/07/23/democrats-try-to-harness-data-center-backlash-thats-dividing-rural-republicans-in-places-like-texas/,,Texas,,low,no,2026-07-24
2.36,2026-07-23,organizing,Democrats try to harness data center backlash that dividing rural Republicans in places like Texas,isp.netscape.com,https://isp.netscape.com:443/news/story/0001/20260723/3624f9a97e584c46d0ac65ca3870adcf,,Texas,,low,no,2026-07-24
2.36,2026-07-23,organizing,Democrats try to harness data center backlash that dividing rural Republicans in places like Texas,isp.netscape.com,https://isp.netscape.com:443/pf/story/0001/20260723/3624f9a97e584c46d0ac65ca3870adcf,,Texas,,low,no,2026-07-24
2.36,2026-07-23,organizing,Democrats try to harness data center backlash that dividing rural Republicans in places like Texas,dailygazette.com,https://www.dailygazette.com/the_recorder/ap/business/democrats-try-to-harness-data-center-backlash-thats-dividing-rural-republicans-in-places-like-texas/article_ef7d3fcc-aa18-5d80-bdab-10c0698e3ae4.html,,Texas,,low,no,2026-07-24
2.36,2026-07-23,organizing,Democrats try to harness data center backlash that dividing rural Republicans in places like Texas,dailygazette.com,https://www.dailygazette.com/hv360/ap/business/democrats-try-to-harness-data-center-backlash-thats-dividing-rural-republicans-in-places-like-texas/article_ef7d3fcc-aa18-5d80-bdab-10c0698e3ae4.html,,Texas,,low,no,2026-07-24
2.36,2026-07-23,organizing,Democrats try to harness data center backlash that dividing rural Republicans in places like Texas,lancasteronline.com,https://lancasteronline.com/news/national/democrats-try-to-harness-data-center-backlash-thats-dividing-rural-republicans-in-places-like-texas/article_eb0247b5-3b01-57fe-ac8e-4e93bc6f7e7c.html,,Texas,,low,no,2026-07-24
2.36,2026-07-23,organizing,Democrats try to harness data center backlash that dividing rural Republicans in places like Texas,wsls.com,https://www.wsls.com/news/politics/2026/07/23/democrats-try-to-harness-data-center-backlash-thats-dividing-rural-republicans-in-places-like-texas/,,Texas,,low,no,2026-07-24
2.36,2026-07-23,organizing,Democrats try to harness data center backlash that dividing rural Republicans in places like Texas,bozemandailychronicle.com,http://www.bozemandailychronicle.com/ap_news/business/democrats-try-to-harness-data-center-backlash-thats-dividing-rural-republicans-in-places-like-texas/article_7f4c8618-0337-5cf8-843e-c25b9b5b40f8.html,,Texas,,low,no,2026-07-24
2.36,2026-07-23,organizing,Democrats try to harness data center backlash that dividing rural Republicans in places like Texas,lufkindailynews.com,https://lufkindailynews.com/anpa/us/democrats-try-to-harness-data-center-backlash-thats-dividing-rural-republicans-in-places-like-texas/article_57f12a95-dccb-5834-b949-8fc02f79167f.html,,Texas,,low,no,2026-07-24
2.36,2026-07-23,organizing,OpenAI plans $20 billion data center campus in Effingham County Savannah Gateway Industrial Hub,wjcl.com,https://www.wjcl.com/article/openai-plans-20-billion-data-center-campus-in-effingham-countys-savannah-gateway-industrial-hub/73237124,,Effingham,,low,no,2026-07-24
2.36,2026-07-23,organizing,OpenAI Effingham Data Center Open House : What to Expect - Effingham Herald,effinghamherald.net,https://www.effinghamherald.net/local/openai-effingham-data-center-open-house-what-to-expect-public-meeting-rincon/,,Effingham,,low,no,2026-07-24
2.36,2026-07-23,organizing,Liberty Township residents will get to weigh in on future data centers,wvxu.org,https://www.wvxu.org/local-news/2026-07-22/liberty-township-data-centers-butler-county,,Liberty,,low,no,2026-07-24
2.21,2026-07-22,organizing,Decatur council resists stricter data center limits,yahoo.com,https://www.yahoo.com/news/us/articles/decatur-council-resists-stricter-data-231200947.html,,Decatur,,low,no,2026-07-24
2.21,2026-07-22,organizing,Silicon Valley Backlash Grows as Workers Protest AI Threat to Jobs,radioseoul1650.com,https://www.radioseoul1650.com/archives/148225,,Valley,,low,no,2026-07-24
2.21,2026-07-22,organizing,Wright County Board Holds Discussion on Possible Data Center,kiow.com,https://kiow.com/2026/07/22/wright-county-board-holds-discussion-on-possible-data-center/,,Wright,,low,no,2026-07-24
2.21,2026-07-22,organizing,Henderson to require data center operators to enter into development agreements,reviewjournal.com,https://www.reviewjournal.com/local/henderson/henderson-to-require-data-center-operators-to-enter-into-development-agreements-3853362/,,Henderson,,low,no,2026-07-24
2.21,2026-07-22,organizing,Lancaster County municipalities must adopt data center rules before it too late to have a say [ editorial ],lancasteronline.com,https://lancasteronline.com/opinion/editorials/lancaster-county-municipalities-must-adopt-data-center-rules-before-its-too-late-to-have-a/article_f26c1b68-5530-4769-8a3d-3a5b4994302c.html,,Lancaster,,low,no,2026-07-24
2.0,2026-07-24,organizing,TVA signs Trump ratepayer protection pledge for data center costs | Chattanooga Times Free Press,timesfreepress.com,https://www.timesfreepress.com/news/2026/jul/23/tva-signs-trumps-ratepayer-protection-pledge-for/,,,,none,no,2026-07-24
2.0,2026-07-24,organizing,Editorial : Localities can lead by siting data centers in industrial parks,pilotonline.com,https://www.pilotonline.com/2026/07/23/editorial-localities-can-lead-by-siting-data-centers-in-industrial-parks/,,,,none,no,2026-07-24
2.0,2026-07-24,organizing,A town renamed its festival  AI Love Irondale Day . Then came the comments,delawarepublic.org,https://www.delawarepublic.org/npr-headlines/2026-07-23/a-town-renamed-its-festival-ai-love-irondale-day-then-came-the-comments,,,,none,no,2026-07-24
2.0,2026-07-24,organizing,A town renamed its festival  AI Love Irondale Day . Then came the comments,capeandislands.org,https://www.capeandislands.org/2026-07-23/a-town-renamed-its-festival-ai-love-irondale-day-then-came-the-comments,,,,none,no,2026-07-24
2.0,2026-07-24,organizing,A town renamed its festival  AI Love Irondale Day . Then came the comments,knau.org,https://www.knau.org/npr-news/2026-07-23/a-town-renamed-its-festival-ai-love-irondale-day-then-came-the-comments,,,,none,no,2026-07-24
2.0,2026-07-24,organizing,Charlestown mayor says approved $105M data center must clear several hurdles before construction,wdrb.com,https://www.wdrb.com/news/charlestown-mayor-says-approved-105m-data-center-must-clear-several-hurdles-before-construction/article_d92fc019-1317-48e7-ad08-7d6d4cf96795.html,,,,none,no,2026-07-24
1.86,2026-07-23,organizing,Northern Gage County residents seek prompt hearing on data centers,ksnblocal4.com,https://www.ksnblocal4.com/2026/07/23/northern-gage-county-residents-seek-prompt-hearing-data-centers/,,,,none,no,2026-07-24
1.86,2026-07-23,organizing,Machesney Park looks at data center rules,beloitdailynews.com,http://www.beloitdailynews.com/news/local-news/machesney-park-looks-at-data-center-rules/article_012dd3e8-bf0d-41ff-a1e4-50f42d1b6c17.html,,,,none,no,2026-07-24
1.86,2026-07-23,organizing,The trouble with letting data center companies police themselves,arktimes.com,https://arktimes.com/arkansas-blog/2026/07/23/the-trouble-with-letting-data-center-companies-police-themselves,,,,none,no,2026-07-24
1.86,2026-07-23,organizing,A town renamed its festival  AI Love Irondale Day . Then came the comments,mynspr.org,https://www.mynspr.org/npr-news/2026-07-23/a-town-renamed-its-festival-ai-love-irondale-day-then-came-the-comments,,,,none,no,2026-07-24
1.86,2026-07-23,organizing,A town renamed its festival  AI Love Irondale Day . Then came the comments,wcbe.org,https://www.wcbe.org/npr-news/2026-07-23/a-town-renamed-its-festival-ai-love-irondale-day-then-came-the-comments,,,,none,no,2026-07-24
1.86,2026-07-23,organizing,Data Centers : What Taxpayers Should Know About Trump Ratepayer Protection Pledge,newsweek.com,https://www.newsweek.com/how-taxpayers-residing-near-data-centers-may-be-impacted-by-trumps-policy-12236973,,,,none,no,2026-07-24
1.86,2026-07-23,organizing,The Hidden Cost of Data Centers : Inside the Opposition,the-messenger.com,https://www.the-messenger.com/news/national/article_e91b8137-2dc0-55b0-8d2b-9303e7492060.html,,,,none,no,2026-07-24
1.86,2026-07-23,organizing,Democrats seize on AI data center backlash dividing rural Republicans,pottsmerc.com,https://www.pottsmerc.com/2026/07/23/election-2026-ai-data-centers/,,,,none,no,2026-07-24
1.86,2026-07-23,organizing,Northern Gage County residents seek prompt hearing on data centers,wowt.com,https://www.wowt.com/2026/07/23/northern-gage-county-residents-seek-prompt-hearing-data-centers/,,,,none,no,2026-07-24
1.86,2026-07-23,organizing,Northern Gage County residents seek prompt hearing on data centers,1011now.com,https://www.1011now.com/2026/07/23/northern-gage-county-residents-seek-prompt-hearing-data-centers/,,,,none,no,2026-07-24
1.86,2026-07-23,organizing,"Instead of Tariffs , Maybe Help Canada Put Out Wildfires ?",newrepublic.com,https://newrepublic.com/post/213439/tariffs-wildfires-canada-democrats,,,,none,no,2026-07-24
1.86,2026-07-23,organizing,Donald Trump Jr . investment firm posts staggering returns of 200 %,pressdemocrat.com,https://www.pressdemocrat.com/2026/07/22/donald-trump-jr-s-investment-firm-posts-staggering-returns-of-200/,,,,none,no,2026-07-24
1.86,2026-07-23,organizing,Democrats seize on AI data center backlash dividing rural Republicans,republicanherald.com,https://www.republicanherald.com/2026/07/23/election-2026-ai-data-centers/,,,,none,no,2026-07-24
1.86,2026-07-23,organizing,Democrats seize on AI data center backlash dividing rural Republicans,orovillemr.com,https://www.orovillemr.com/2026/07/23/election-2026-ai-data-centers/,,,,none,no,2026-07-24
1.86,2026-07-23,organizing,Democrats seize on AI data center backlash dividing rural Republicans,journal-advocate.com,https://www.journal-advocate.com/2026/07/23/election-2026-ai-data-centers/,,,,none,no,2026-07-24
1.86,2026-07-23,organizing,Floridian Fights Against Flock Cameras and AI Are Shaking Up State Politics,truthout.org,https://truthout.org/articles/floridians-fights-against-flock-cameras-and-ai-are-shaking-up-state-politics/,,,,none,no,2026-07-24
1.86,2026-07-23,organizing,Democrats seize on AI data center backlash dividing rural Republicans,reporterherald.com,https://www.reporterherald.com/2026/07/23/election-2026-ai-data-centers/,,,,none,no,2026-07-24
1.86,2026-07-23,organizing,The Hidden Cost of Data Centers : Inside the Opposition,sanfordherald.com,https://www.sanfordherald.com/news/national/the-hidden-cost-of-data-centers-inside-the-opposition/article_b670f0ba-1299-556f-8b8e-3800ee58673e.html,,,,none,no,2026-07-24
1.86,2026-07-23,organizing,Democrats seize on AI data center backlash dividing rural Republicans,thereporteronline.com,https://www.thereporteronline.com/2026/07/23/election-2026-ai-data-centers/,,,,none,no,2026-07-24
1.86,2026-07-23,organizing,Hogansville Diaz recognized by GMA,lagrangenews.com,https://www.lagrangenews.com/news/hogansvilles-diaz-recognized-by-gma-934131bd,,,,none,no,2026-07-24
1.86,2026-07-23,organizing,Democrats seize on AI data center backlash dividing rural Republicans,theoaklandpress.com,https://www.theoaklandpress.com/2026/07/23/election-2026-ai-data-centers/,,,,none,no,2026-07-24
1.86,2026-07-23,organizing,Democrats seize on AI data center backlash dividing rural Republicans,orlandosentinel.com,https://www.orlandosentinel.com/2026/07/23/election-2026-ai-data-centers/,,,,none,no,2026-07-24
1.86,2026-07-23,organizing,Democrats seize on AI data center backlash dividing rural Republicans,dailylocal.com,https://www.dailylocal.com/2026/07/23/election-2026-ai-data-centers/,,,,none,no,2026-07-24
1.86,2026-07-23,organizing,How data center presence is factoring into home buying decisions,nationalmortgagenews.com,https://www.nationalmortgagenews.com/news/how-data-center-presence-is-factoring-into-home-buying-decisions,,,,none,no,2026-07-24
1.86,2026-07-23,organizing,Democrats seize on AI data center backlash dividing rural Republicans,rockymounttelegram.com,http://www.rockymounttelegram.com/news/state/democrats-seize-on-ai-data-center-backlash-dividing-rural-republicans/article_aea46b60-b8aa-493f-bf5a-df83d1c2dd55.html,,,,none,no,2026-07-24
1.86,2026-07-23,organizing,Democrats seize on AI data center backlash dividing rural Republicans,broomfieldenterprise.com,https://www.broomfieldenterprise.com/2026/07/23/election-2026-ai-data-centers/,,,,none,no,2026-07-24
1.86,2026-07-23,organizing,Democrats seize on AI data center backlash dividing rural Republicans,sandiegouniontribune.com,https://www.sandiegouniontribune.com/2026/07/23/election-2026-ai-data-centers/,,,,none,no,2026-07-24
1.86,2026-07-23,organizing,Democrats seize on AI data center backlash dividing rural Republicans,citizensvoice.com,https://www.citizensvoice.com/2026/07/23/election-2026-ai-data-centers/,,,,none,no,2026-07-24
1.86,2026-07-23,organizing,Democrats seize on AI data center backlash dividing rural Republicans,ocregister.com,https://www.ocregister.com/2026/07/23/election-2026-ai-data-centers/,,,,none,no,2026-07-24
1.86,2026-07-23,organizing,Democrats seize on AI data center backlash dividing rural Republicans,readingeagle.com,https://www.readingeagle.com/2026/07/23/election-2026-ai-data-centers/,,,,none,no,2026-07-24
1.86,2026-07-23,organizing,Democrats seize on AI data center backlash dividing rural Republicans,paradisepost.com,https://www.paradisepost.com/2026/07/23/election-2026-ai-data-centers/,,,,none,no,2026-07-24
1.86,2026-07-23,organizing,Democrats seize on AI data center backlash dividing rural Republicans,mainlinemedianews.com,https://www.mainlinemedianews.com/2026/07/23/election-2026-ai-data-centers/,,,,none,no,2026-07-24
1.86,2026-07-23,organizing,Democrats seize on AI data center backlash dividing rural Republicans,pilotonline.com,https://www.pilotonline.com/2026/07/23/election-2026-ai-data-centers/,,,,none,no,2026-07-24
1.86,2026-07-23,organizing,Municipal Tech System Risks Leaders Cant Afford To Ignore,forbes.com,https://www.forbes.com/councils/forbestechcouncil/2026/07/23/municipal-tech-system-risks-leaders-cant-afford-to-ignore/,,,,none,no,2026-07-24
1.86,2026-07-23,organizing,Democrats seize on AI data center backlash dividing rural Republicans,baltimoresun.com,https://www.baltimoresun.com/2026/07/23/election-2026-ai-data-centers/,,,,none,no,2026-07-24
1.86,2026-07-23,organizing,Democrats seize on AI data center backlash dividing rural Republicans,montereyherald.com,https://www.montereyherald.com/2026/07/23/election-2026-ai-data-centers/,,,,none,no,2026-07-24
1.86,2026-07-23,organizing,Democrats seize on AI data center backlash dividing rural Republicans,sbsun.com,https://www.sbsun.com/2026/07/23/election-2026-ai-data-centers/,,,,none,no,2026-07-24
1.86,2026-07-23,organizing,Inside America First Data Center - Only Utility,circleofblue.org,https://www.circleofblue.org/2026/water-energy/inside-americas-first-data-center-only-utility/,,,,none,no,2026-07-24
1.86,2026-07-23,organizing,Dems seize on AI data center backlash dividing Republicans,bostonglobe.com,https://www.bostonglobe.com/2026/07/23/business/ai-data-center-backlash-democrats/,,,,none,no,2026-07-24
1.86,2026-07-23,organizing,The Nashville Ledger,tnledger.com,http://www.tnledger.com/editorial/Article.aspx?id=205838,,,,none,no,2026-07-24
1.86,2026-07-23,organizing,A town renamed its festival  AI Love Irondale Day . Then came the comments,wkms.org,https://www.wkms.org/npr-news/2026-07-23/a-town-renamed-its-festival-ai-love-irondale-day-then-came-the-comments,,,,none,no,2026-07-24
1.86,2026-07-23,organizing,A town renamed its festival  AI Love Irondale Day . Then came the comments,news.wjct.org,https://news.wjct.org/tech/2026-07-23/a-town-renamed-its-festival-ai-love-irondale-day-then-came-the-comments,,,,none,no,2026-07-24
1.86,2026-07-23,organizing,"Catching Our Eye News Roundup , July 23 , 2026",yahoo.com,https://www.yahoo.com/news/us/articles/catching-eye-news-roundup-july-124130112.html,,,,none,no,2026-07-24
1.86,2026-07-23,organizing,A town renamed its festival  AI Love Irondale Day . Then came the comments,wclk.com,https://www.wclk.com/2026-07-23/a-town-renamed-its-festival-ai-love-irondale-day-then-came-the-comments,,,,none,no,2026-07-24
1.86,2026-07-23,organizing,"Meta Temple data center goes live amid concerns over water use , expansion",kxxv.com,https://www.kxxv.com/news/local-news/in-your-neighborhood/metas-temple-data-center-goes-live-amid-community-concerns-over-water-use-and-expansion,,,,none,no,2026-07-24
1.86,2026-07-23,organizing,A town renamed its festival  AI Love Irondale Day . Then came the comments,spokanepublicradio.org,https://www.spokanepublicradio.org/2026-07-23/a-town-renamed-its-festival-ai-love-irondale-day-then-came-the-comments,,,,none,no,2026-07-24
1.86,2026-07-23,organizing,A town renamed its festival  AI Love Irondale Day . Then came the comments,wncw.org,https://www.wncw.org/2026-07-23/a-town-renamed-its-festival-ai-love-irondale-day-then-came-the-comments,,,,none,no,2026-07-24
1.86,2026-07-23,organizing,A town renamed its festival  AI Love Irondale Day . Then came the comments,radio.wpsu.org,https://radio.wpsu.org/2026-07-23/a-town-renamed-its-festival-ai-love-irondale-day-then-came-the-comments,,,,none,no,2026-07-24
1.86,2026-07-23,organizing,A town renamed its festival  AI Love Irondale Day . Then came the comments,kasu.org,https://www.kasu.org/business-economy/2026-07-23/a-town-renamed-its-festival-ai-love-irondale-day-then-came-the-comments,,,,none,no,2026-07-24
1.86,2026-07-23,organizing,"Corruption , Media and More",eugeneweekly.com,https://eugeneweekly.com/2026/07/23/corruption-media-and-more/,,,,none,no,2026-07-24
1.86,2026-07-23,organizing,A town renamed its festival  AI Love Irondale Day . Then came the comments,kgou.org,https://www.kgou.org/business-and-economy/2026-07-23/a-town-renamed-its-festival-ai-love-irondale-day-then-came-the-comments,,,,none,no,2026-07-24
1.86,2026-07-23,organizing,A town renamed its festival  AI Love Irondale Day . Then came the comments,ketr.org,https://www.ketr.org/2026-07-23/a-town-renamed-its-festival-ai-love-irondale-day-then-came-the-comments,,,,none,no,2026-07-24
1.86,2026-07-23,organizing,A town renamed its festival  AI Love Irondale Day . Then came the comments,waer.org,https://www.waer.org/2026-07-23/a-town-renamed-its-festival-ai-love-irondale-day-then-came-the-comments,,,,none,no,2026-07-24
1.86,2026-07-23,organizing,A town renamed its festival  AI Love Irondale Day . Then came the comments,wvik.org,https://www.wvik.org/npr-top-stories/2026-07-23/a-town-renamed-its-festival-ai-love-irondale-day-then-came-the-comments,,,,none,no,2026-07-24
1.86,2026-07-23,organizing,A town renamed its festival  AI Love Irondale Day . Then came the comments,wvxu.org,https://www.wvxu.org/news-from-npr/2026-07-23/a-town-renamed-its-festival-ai-love-irondale-day-then-came-the-comments,,,,none,no,2026-07-24
1.86,2026-07-23,organizing,A town renamed its festival  AI Love Irondale Day . Then came the comments,iowapublicradio.org,https://www.iowapublicradio.org/news-from-npr/2026-07-23/a-town-renamed-its-festival-ai-love-irondale-day-then-came-the-comments,,,,none,no,2026-07-24
1.86,2026-07-23,organizing,A town renamed its festival  AI Love Irondale Day . Then came the comments,publicradioeast.org,https://www.publicradioeast.org/2026-07-23/a-town-renamed-its-festival-ai-love-irondale-day-then-came-the-comments,,,,none,no,2026-07-24
1.86,2026-07-23,organizing,A town renamed its festival  AI Love Irondale Day . Then came the comments,wxxinews.org,https://www.wxxinews.org/npr-news/2026-07-23/a-town-renamed-its-festival-ai-love-irondale-day-then-came-the-comments,,,,none,no,2026-07-24
1.86,2026-07-23,organizing,A town renamed its festival  AI Love Irondale Day . Then came the comments,kedm.org,https://www.kedm.org/npr-news/2026-07-23/a-town-renamed-its-festival-ai-love-irondale-day-then-came-the-comments,,,,none,no,2026-07-24
1.86,2026-07-23,organizing,A town renamed its festival  AI Love Irondale Day . Then came the comments,wvtf.org,https://www.wvtf.org/2026-07-23/a-town-renamed-its-festival-ai-love-irondale-day-then-came-the-comments,,,,none,no,2026-07-24
1.86,2026-07-23,organizing,A town renamed its festival  AI Love Irondale Day . Then came the comments,ksfr.org,https://www.ksfr.org/npr-news/2026-07-23/a-town-renamed-its-festival-ai-love-irondale-day-then-came-the-comments,,,,none,no,2026-07-24
1.86,2026-07-23,organizing,A town renamed its festival  AI Love Irondale Day . Then came the comments,kvpr.org,https://www.kvpr.org/npr-news/2026-07-23/a-town-renamed-its-festival-ai-love-irondale-day-then-came-the-comments,,,,none,no,2026-07-24
1.86,2026-07-23,organizing,"As AI backlash grows , Byron Donald support for data centers draws fire | National News",hanfordsentinel.com,https://hanfordsentinel.com/news/national/as-ai-backlash-grows-byron-donalds-support-for-data-centers-draws-fire/article_d9626f94-a857-5d53-949e-d742bfcae671.html,,,,none,no,2026-07-24
1.86,2026-07-23,organizing,How much have data centers increased electricity prices ?,politifact.com,https://politifact.com/factchecks/2026/jun/12/elizabeth-warren/data-centers-rising-electricity-costs/,,,,none,no,2026-07-24
1.86,2026-07-23,organizing,AI Data Centers Electricity Costs and Consumer Impact,washingtoninformer.com,https://www.washingtoninformer.com/ai-data-centers-electricity-costs-dc-maryland-virginia/,,,,none,no,2026-07-24
1.86,2026-07-23,organizing,"Data center initiative gathers signatures , Chief Executive voices concerns",fairfieldsuntimes.com,https://www.fairfieldsuntimes.com/news/state/data-center-initiative-gathers-signatures-chief-executive-voices-concerns/article_65fefd7f-6242-5a37-a14b-17791303a9c2.html,,,,none,no,2026-07-24
1.86,2026-07-23,organizing,Proposed data center draws heated crowd at Hanford City Council meeting,hanfordsentinel.com,https://hanfordsentinel.com/business/proposed-data-center-draws-heated-crowd-at-hanford-city-council-meeting/article_04a283c0-72cc-4118-9215-1ff3a42ca0d1.html,,,,none,no,2026-07-24
1.86,2026-07-23,organizing,City council candidates unveil platforms at public forum,southernminn.com,http://www.southernminn.com/faribault_daily_news/news/city-council-candidates-unveil-platforms-at-public-forum/article_04982c75-8e0c-43f1-b4fd-3c688403e263.html,,,,none,no,2026-07-24
1.86,2026-07-23,organizing,EDITORIAL / Amazon tax windfall,onlinemadison.com,https://www.onlinemadison.com/editorials/editorial-amazons-tax-windfall-2cde4202,,,,none,no,2026-07-24
1.86,2026-07-23,organizing,Public voices concerns over data centers,wdtimes.com,http://www.wdtimes.com/news/local/public-voices-concerns-over-data-centers/article_575c57a2-17dc-51c4-adba-2e2a408baa04.html,,,,none,no,2026-07-24
1.86,2026-07-23,organizing,4 Common Problems For Local Residents When A Data Center Is Built In The Neighborhood,bgr.com,https://www.bgr.com/2217213/common-problems-local-residents-data-center-neighborhood/,,,,none,no,2026-07-24
1.86,2026-07-23,organizing,"The Show for July 22 , 2026 : AZ primary update , how cities handle data centers and more",kjzz.org,https://www.kjzz.org/show/kjzzs-the-show/2026-07-22/the-show-for-july-22-2026-az-primary-update-how-cities-handle-data-centers-and-more,,,,none,no,2026-07-24
1.86,2026-07-23,organizing,Centers of Attention : Are more data centers coming to an AZ city near you ? It depends on the city,kjzz.org,https://www.kjzz.org/the-show/2026-07-22/centers-of-attention-are-more-data-centers-coming-to-an-az-city-near-you-it-depends-on-the-city,,,,none,no,2026-07-24
1.71,2026-07-22,organizing,The Surprising Small Cities Where Americans Are Finding Jobs,forbes.com,https://www.forbes.com/sites/asia-alexander/2026/07/22/the-surprising-small-cities-where-americans-are-finding-jobs/,,,,none,no,2026-07-24
1.71,2026-07-22,organizing,"Stink and AI : West End slams biosolids site , Nebius pitches data center",yahoo.com,https://www.yahoo.com/news/us/articles/stink-ai-west-end-slams-224800489.html,,,,none,no,2026-07-24
1.71,2026-07-22,organizing,Chesapeake puts 8 - month pause on data center applications,dailypress.com,https://www.dailypress.com/2026/07/22/chesapeake-ban-data-center-applications/,,,,none,no,2026-07-24
1.71,2026-07-22,organizing,Rincon residents question public input on proposed data center,wjcl.com,https://www.wjcl.com/article/rincon-residents-question-public-input-on-proposed-openai-data-center/73236450,,,,none,no,2026-07-24
1.71,2026-07-22,organizing,NorthPoint Development breaks ground on next phase of Hazleton Logistics project,timesleader.com,https://www.timesleader.com/news/1749778/northpoint-development-breaks-ground-on-next-phase-of-hazleton-logistics-project,,,,none,no,2026-07-24
1.71,2026-07-22,organizing,The Republican primary for the U . S . 7th Congressional District will feature 3 candidates,ksmu.org,https://www.ksmu.org/show/informed-voter-coalition/2026-07-22/the-republican-primary-for-the-u-s-7th-congressional-district-will-feature-3-candidates,,,,none,no,2026-07-24
1.71,2026-07-22,organizing,Lehman Twp . adopts data - center regulations,citizensvoice.com,https://www.citizensvoice.com/2026/07/22/lehman-twp-adopts-data-center-regulations/,,,,none,no,2026-07-24
1.71,2026-07-22,organizing,COVID - 19 Infections Peak in Southern China Amid Nationwide Surge,theepochtimes.com,https://www.theepochtimes.com/article/covid-19-infections-peak-in-southern-china-amid-nationwide-surge-6065835,,,,none,no,2026-07-24
1.71,2026-07-22,organizing,Machesney Park to consider stricter data center regulations,wifr.com,https://www.wifr.com/2026/07/22/machesney-park-consider-stricter-data-center-regulations/,,,,none,no,2026-07-24
1.71,2026-07-22,organizing,Pittsburgh Is Showing Smaller Governments How to Use AI,governing.com,https://www.governing.com/artificial-intelligence/pittsburgh-is-showing-smaller-governments-how-to-use-ai,,,,none,no,2026-07-24
1.71,2026-07-22,organizing,Chesapeake puts 8 - month pause on data center applications,pilotonline.com,https://www.pilotonline.com/2026/07/22/chesapeake-ban-data-center-applications/,,,,none,no,2026-07-24
1.71,2026-07-22,organizing,Gambling company bankrolls attacks in Senate GOP primary,kbia.org,https://www.kbia.org/missouri-news/2026-07-22/gambling-company-bankrolls-attacks-in-senate-gop-primary,,,,none,no,2026-07-24
1.71,2026-07-22,organizing,Duke Energy - stakeholder agreement pares down residential rate increase to 9 . 5 % over 2 years,portcitydaily.com,https://portcitydaily.com/local-news/2026/07/22/duke-energy-stakeholder-agreement-pares-down-residential-rate-increase-to-9-5-for-2-years/,,,,none,no,2026-07-24
1.71,2026-07-22,organizing,"Stink and AI : West End slams biosolids site , Nebius pitches data center",republicanherald.com,https://www.republicanherald.com/2026/07/22/stink-and-ai-west-end-slams-biosolids-site-nebius-pitches-data-center/,,,,none,no,2026-07-24
1.71,2026-07-22,organizing,Project Oak data center hearing rescheduled to Aug . 25,times-herald.com,https://www.times-herald.com/data_center/project-oak-data-center-hearing-rescheduled-to-aug-25/article_be1a0f60-985b-4546-800c-e1b03d6cfd08.html,,,,none,no,2026-07-24
1.71,2026-07-22,organizing,"Groundbreaking held for housing development , hotel « The VW independent",thevwindependent.com,https://thevwindependent.com/news/2026/07/22/groundbreaking-held-for-housing-development-hotel/,,,,none,no,2026-07-24
1.71,2026-07-22,organizing,"Spiller highlights data centers , 765 - kV lines as top issues for district",lampasasdispatchrecord.com,http://www.lampasasdispatchrecord.com/index.php/news/spiller-highlights-data-centers-765-kv-lines-top-issues-district,,,,none,no,2026-07-24
1.71,2026-07-22,organizing,"E . Penn buys dump truck , shows new flag – Times News Online",tnonline.com,https://www.tnonline.com/20260722/e-penn-buys-dump-truck-shows-new-flag/,,,,none,no,2026-07-24
1.71,2026-07-22,organizing,AI data centers are now a factor in the homebuying decision,mpamag.com,https://www.mpamag.com/us/mortgage-industry/industry-trends/ai-data-centers-are-now-a-factor-in-the-homebuying-decision/583315,,,,none,no,2026-07-24
1.71,2026-07-22,organizing,What is an AI data center ? How it works and why it matters,fox29.com,https://www.fox29.com/news/what-exactly-is-ai-data-center,,,,none,no,2026-07-24
1.71,2026-07-22,organizing,Trump new AI data center order could accelerate controversial NEPA projects,fox56.com,https://fox56.com/news/local/trumps-new-ai-data-center-order-could-accelerate-controversial-nepa-projects,,,,none,no,2026-07-24
1.71,2026-07-22,organizing,What is an AI data center ? How it works and why it matters,fox5ny.com,https://www.fox5ny.com/news/what-exactly-is-ai-data-center,,,,none,no,2026-07-24
1.71,2026-07-22,organizing,Developer Files Plans for 2 Data Centers Near Alexandria,northernvirginiamag.com,https://northernvirginiamag.com/news/2026/07/22/developer-files-plans-for-2-data-centers-near-alexandria/,,,,none,no,2026-07-24
1.71,2026-07-22,organizing,Sandpoint City Council discusses next steps to ban data centers,cdapress.com,https://cdapress.com/news/2026/jul/22/council-discusses-next-steps-to-ban-data-centers-c/,,,,none,no,2026-07-24
1.71,2026-07-22,organizing,Bitter regulatory fight shaping up over air quality permit for Project Jupiter,santafenewmexican.com,https://www.santafenewmexican.com/news/local_news/bitter-regulatory-fight-shaping-up-over-air-quality-permit-for-project-jupiter/article_69aa3b1e-2432-4f97-80ed-462b1ef38f2f.html,,,,none,no,2026-07-24
1.71,2026-07-22,organizing,David Harsanyi : Luddites are winning the data center debate,unionleader.com,https://www.unionleader.com/opinion/columnists/david-harsanyi-luddites-are-winning-the-data-center-debate/article_968c6907-1943-4cfd-92ca-b89e4a9e8dd1.html,,,,none,no,2026-07-24
1.71,2026-07-22,organizing,Charlestown approves controversial data center project,wlky.com,https://www.wlky.com/article/charlestown-approves-data-center-project/73221557,,,,none,no,2026-07-24
1.71,2026-07-22,organizing,Protesters seek answers at Mount Carmel Township data center open house,newsitem.com,https://www.newsitem.com/news/local/protesters-seek-answers-at-mount-carmel-township-data-center-open-house/article_12dbe256-cd18-46fc-a52c-5886c692908a.html,,,,none,no,2026-07-24
1.71,2026-07-22,organizing,Bessemer mayoral candidates split on $14 . 5 billion Project Marvel data center,wvtm13.com,https://www.wvtm13.com/article/bessemer-mayoral-candidates-project-marvel-data-center/73221792,,,,none,no,2026-07-24
1.71,2026-07-22,organizing,Nye County residents push back on proposed Pahrump data center at meeting,news3lv.com,https://news3lv.com/news/local/nye-county-residents-push-back-on-proposed-pahrump-data-center-at-meeting,,,,none,no,2026-07-24
-0.29,2026-07-22,organizing,Larry Ellison Loses $66 Billion,finance.yahoo.com,https://finance.yahoo.com/markets/stocks/articles/larry-ellison-loses-66-billion-151522160.html,,,,none,no,2026-07-24
